Word,Diffs
i,0.015115248
and,0.009143663
you,0.008667344
de,0.007037763
que,0.006894309
la,0.006462925
not,0.006001641
have,0.005235088
to,0.004910439
love,0.004580521
will,0.004499287
me,0.00369467
un,0.003244823
le,0.003126691
the,0.003080032
do,0.003076988
no,0.003006912
he,0.002895041
when,0.002780187
en,0.002719455
heart,0.00270678
ya,0.002687429
there,0.002679846
y,0.002676367
that,0.002628602
yo,0.002494423
would,0.002468837
et,0.002460788
all,0.002387897
of,0.002377065
el,0.002372509
les,0.002363307
just,0.002341726
are,0.002299851
down,0.002226811
but,0.002183861
what,0.002168643
never,0.002152246
get,0.002148402
well,0.002051991
way,0.001951968
she,0.001943062
te,0.001924635
se,0.001824035
littl,0.001788968
my,0.001745737
like,0.001731293
tu,0.001708455
du,0.001707896
si,0.00165204
il,0.001639663
away,0.00163302
e,0.001630907
ich,0.001591825
mi,0.001587994
je,0.001577018
night,0.001549902
des,0.001546673
been,0.001520197
her,0.001497409
home,0.001477559
up,0.001474701
old,0.001472817
good,0.001467752
gone,0.001447907
in,0.001445016
day,0.001443622
es,0.001441036
wanna,0.001431355
time,0.001427569
und,0.001402011
cri,0.001399192
oh,0.001372452
dan,0.001366428
your,0.001316335
blue,0.001297425
long,0.001287196
√†,0.00122495
his,0.001203051
pas,0.001198139
could,0.001195209
is,0.00118632
if,0.001170862
est,0.001164222
con,0.00116218
a,0.001128829
was,0.001101223
go,0.00110031
qui,0.001069315
for,0.001062926
ma,0.001039647
be,0.00103073
with,0.001006502
lo,0.001005042
pour,0.001003563
say,0.000981134
as,0.000975118
find,0.000959281
cest,0.000958003
o,0.000943252
son,0.000942399
eye,0.000938859
too,0.000932201
wo,0.000930241
em,0.000912198
let,0.00091041
gonna,0.000907909
anoth,0.000902168
como,0.000874743
got,0.000872077
left,0.000871624
by,0.000863712
une,0.000845797
thing,0.000844312
yall,0.000836277
soy,0.000831436
rain,0.000827824
here,0.000825936
light,0.000818308
were,0.000814557
where,0.000796357
over,0.000794054
im,0.000791228
der,0.000776993
beat,0.000774105
al,0.000770349
can,0.000766209
town,0.000754384
ever,0.000740721
por,0.000739112
plus,0.000738226
look,0.000736126
jai,0.000735066
him,0.000735041
style,0.000731704
sur,0.00072929
come,0.000728778
mai,0.000724208
tout,0.00072358
someon,0.000718582
rap,0.00071088
feel,0.000705112
fall,0.000702197
everi,0.000700044
wait,0.000699534
das,0.00069867
ne,0.00069606
comm,0.000677714
leav,0.000677359
alway,0.000676884
dream,0.000676166
know,0.000667455
mon,0.000667092
had,0.000653294
una,0.000644935
lord,0.000643807
mine,0.000643416
goodby,0.000641449
move,0.000638223
los,0.000635845
off,0.000634302
did,0.000633651
road,0.000632995
turn,0.000631635
para,0.000625233
au,0.00062411
hit,0.000623966
befor,0.000623368
leur,0.000621897
am,0.000610547
said,0.000599455
someday,0.00059102
uh,0.000590918
made,0.000580379
lone,0.000580177
tonight,0.000569532
pleas,0.000567051
che,0.000565929
still,0.000564918
tell,0.000560502
moi,0.000560367
sweet,0.000559393
babi,0.00055846
ce,0.00055527
again,0.000552402
tear,0.000551537
ca,0.00054623
TRUE,0.000545749
c,0.000545744
think,0.000545332
wind,0.000543619
miss,0.000540184
much,0.000537189
di,0.000536763
walk,0.000536236
alon,0.000536042
see,0.000534605
stand,0.00053299
non,0.000532497
pa,0.000526305
hold,0.000525189
dis,0.000521351
nicht,0.000521005
rhyme,0.000515856
sometim,0.000513683
shine,0.000513081
honey,0.000503074
ti,0.000501856
onli,0.00050004
flow,0.000495159
place,0.000492855
found,0.000489727
wie,0.000485691
todo,0.000482704
del,0.00048269
last,0.000481501
daddi,0.000479337
we,0.000475599
tiempo,0.000475493
ist,0.000475104
den,0.000474815
heaven,0.000467956
girl,0.000467545
mes,0.000467374
hay,0.000464303
die,0.000462893
auf,0.000462856
zu,0.000461777
check,0.000459552
ihr,0.000459523
far,0.000458206
noth,0.000454301
our,0.000453893
ni,0.000448743
take,0.000447089
wir,0.000444864
run,0.000444148
mic,0.000443499
gotta,0.00044032
real,0.000439687
around,0.00043926
stay,0.000437717
this,0.000437622
door,0.000434967
avec,0.000434309
wrong,0.000433723
train,0.000432908
su,0.000431619
believ,0.00042655
otro,0.000425242
more,0.000423337
kid,0.000422815
dum,0.00042266
na,0.000419307
while,0.000417461
those,0.000416161
ton,0.00041144
friend,0.000411143
rock,0.000409658
ha,0.000404051
river,0.000403871
stop,0.000401292
forev,0.000397648
lie,0.000394924
vers,0.000394769
las,0.000393775
quand,0.000393492
s,0.000392441
hear,0.000390768
through,0.000389609
lose,0.000389354
doe,0.000388069
nous,0.000387726
mit,0.000387641
line,0.000383111
hot,0.000382599
morn,0.000381615
mayb,0.000381614
esta,0.000379546
sun,0.000378614
has,0.000377115
ein,0.000376417
darl,0.000375445
year,0.000373609
hurt,0.000372237
da,0.000371712
cold,0.00036758
their,0.00036548
dark,0.000364531
ima,0.000358962
right,0.000357965
hand,0.000356549
darlin,0.000355585
sont,0.000354417
nos,0.000352751
mein,0.000352624
nobodi,0.000351437
yeah,0.000349225
at,0.000347027
anymor,0.000346609
ou,0.000346454
countri,0.000346438
va,0.000346136
wit,0.000345846
parti,0.000344821
wenn,0.000343752
u,0.000340356
per,0.000338737
ring,0.000338565
even,0.000337951
um,0.000333957
land,0.000333015
funk,0.000332001
wish,0.000331615
bodi,0.000331525
knew,0.000329519
club,0.000328865
√ßa,0.00032708
par,0.000327029
how,0.000326995
man,0.00032456
ell,0.000322376
cuz,0.000321638
nur,0.000321225
bien,0.000321088
vie,0.00032099
sky,0.000320728
fresh,0.000320064
√©,0.000319319
talkin,0.000319243
now,0.000318767
hide,0.000316208
gent,0.000314609
side,0.000313719
lost,0.00031323
pain,0.000312888
went,0.000312232
mountain,0.000311756
kick,0.000310788
d,0.000310646
lover,0.000308949
who,0.000308038
kiss,0.000305533
hope,0.000305381
ta,0.000304432
help,0.000303682
ja,0.00030335
out,0.000303088
mean,0.000300961
brain,0.000299389
dont,0.000296435
mich,0.000296221
mal,0.000294534
drop,0.000294229
crew,0.000293985
though,0.000292518
memori,0.000291875
dich,0.000291813
fait,0.000291766
mile,0.000291409
must,0.000290512
noch,0.000290421
2,0.000290211
peopl,0.00029019
parc,0.000289924
chanc,0.000289308
woman,0.000288815
should,0.000288812
happi,0.000287296
mind,0.000286807
new,0.000286266
hard,0.00028603
wonder,0.000285949
n,0.000285902
l,0.00028552
refrain,0.000285273
laugh,0.000284616
mc,0.000284601
may,0.000282316
close,0.00028163
saw,0.000281481
vien,0.00027947
danc,0.00027939
broken,0.000278242
block,0.000276987
empti,0.000276641
flower,0.000274815
tes,0.000273934
pop,0.000273863
late,0.000273316
esto,0.000270437
rememb,0.00026991
crazi,0.000269298
behind,0.000268286
sui,0.000267514
lonesom,0.000267257
sing,0.000266509
maria,0.000266467
bout,0.000265056
quiero,0.000263915
christma,0.000263706
1,0.000263243
quando,0.000260881
without,0.000260838
ere,0.000260242
car,0.000259195
sie,0.000259184
von,0.000257884
mond,0.000257699
quon,0.000257464
pero,0.000256839
somehow,0.00025677
pretti,0.000256395
bust,0.000256379
trop,0.000255977
huh,0.000255931
watch,0.000255914
final,0.000255685
round,0.000254564
san,0.000253842
shadow,0.000252523
tennesse,0.000252097
soul,0.000251796
mis,0.000250826
eso,0.000250819
tien,0.000249814
aint,0.000249507
fool,0.000249481
free,0.00024843
ho,0.000248152
lyric,0.000248005
forget,0.000247936
thought,0.0002473
guess,0.000246723
enough,0.000246133
sa,0.000246048
moon,0.000245881
instrument,0.000244591
sin,0.000244245
throw,0.000244234
est√°,0.00024407
busi,0.000243605
done,0.000243091
uma,0.000242122
dir,0.000240738
satisfi,0.000239329
kind,0.000238651
dein,0.000238485
along,0.000237659
hip,0.000237208
dear,0.000236041
burn,0.000236022
spit,0.000235915
railroad,0.000234987
entr,0.00023362
song,0.000233568
fli,0.000233408
troubl,0.000233181
repeat,0.000232817
young,0.000232651
they,0.00023213
water,0.000231938
els,0.000231789
tous,0.000231284
jesus,0.000231058
gon,0.00023102
matter,0.000229301
texa,0.000228757
2x,0.000228165
guitar,0.000227967
start,0.000227221
myself,0.000227172
stick,0.000227079
damn,0.000226032
otra,0.000225628
sind,0.000225312
then,0.000225226
dedic,0.000224478
temp,0.000224463
rien,0.000224384
mother,0.000224313
hood,0.000224169
repres,0.000223925
m√™me,0.000223153
dit,0.000222808
heard,0.000222568
rapper,0.000222427
cloud,0.00022228
sen,0.000221755
keep,0.000221402
anyth,0.000220712
whi,0.000220646
war,0.000220422
toi,0.00021998
seem,0.00021954
era,0.000219281
sure,0.000218889
sound,0.000217681
porqu,0.000217494
heartach,0.000217094
hour,0.000215948
today,0.000215879
faith,0.000215464
terr,0.00021501
put,0.000214616
kill,0.000214181
game,0.000213969
money,0.000213455
funki,0.000212737
tri,0.000212282
top,0.000211226
sayin,0.000211
hop,0.000210823
solo,0.000210765
wow,0.000210559
cross,0.000210189
uno,0.0002093
wine,0.000208037
dem,0.000207684
mir,0.000206996
smile,0.000205219
whiskey,0.000204877
m√°s,0.000203362
doch,0.000202682
quil,0.000202297
lui,0.00020122
feet,0.000200985
cowboy,0.000200938
bop,0.000199321
sein,0.000199158
f√ºr,0.000198989
make,0.000198818
easi,0.000198606
letter,0.000198287
ver,0.000197742
hush,0.000196858
ground,0.000196496
wander,0.000196434
boss,0.000196296
ser,0.000196205
mas,0.000196201
give,0.000195896
an,0.000195336
weed,0.000195307
bin,0.000195218
√®,0.000194788
moan,0.000194255
mama,0.000193684
j,0.000193371
til,0.000192966
denn,0.000192704
er,0.00019268
bright,0.000192588
pui,0.000191915
climb,0.000191898
white,0.000191272
send,0.000190815
lay,0.000189305
canto,0.0001887
jour,0.000188351
toujour,0.000186938
somewher,0.000186447
pump,0.000186243
bass,0.000186096
mmm,0.00018602
fair,0.000186012
spot,0.00018523
as√≠,0.000184826
soon,0.000184816
fine,0.00018477
com,0.000184635
took,0.000184279
bomb,0.000183863
magic,0.000183768
3,0.000183711
class,0.000182514
ol,0.000182398
peac,0.000182384
hair,0.000181983
drink,0.000181443
room,0.000181304
promis,0.000181204
onc,0.000180479
hate,0.000180403
deal,0.000180208
ses,0.000180068
everybodi,0.000179927
lovin,0.000179773
four,0.000179435
beauti,0.000179286
cuando,0.000178869
hoe,0.000178749
yea,0.000178636
quien,0.000178409
flip,0.000178238
&,0.000177938
ah,0.000177911
hoy,0.0001772
aus,0.000176795
tree,0.00017644
carri,0.000176381
simpl,0.000176322
told,0.00017619
sorrow,0.000175547
tha,0.000175528
win,0.000175465
listen,0.000175061
highway,0.000174982
sleep,0.000174623
answer,0.000174382
ay,0.000174366
hook,0.00017433
sue,0.000173914
brown,0.000173772
besid,0.000172812
gal,0.000172707
bird,0.00017241
vida,0.000172352
angel,0.000172256
stab,0.000171969
fire,0.000171225
sister,0.000170335
held,0.000169542
wheel,0.000169247
chi,0.00016913
hallelujah,0.000167353
street,0.00016728
tomorrow,0.000166352
stress,0.000165519
cett,0.000165257
roll,0.000165098
felt,0.000164742
pray,0.000164676
shop,0.000164577
ella,0.000164394
two,0.000164245
leben,0.000164032
bed,0.000163951
sera,0.000163707
chorus,0.000163553
ghetto,0.000163342
lot,0.000163284
prayer,0.000162971
word,0.000161737
musica,0.000161503
eu,0.000161406
chill,0.000161328
aux,0.000161154
wing,0.000160931
apart,0.000160811
slow,0.000160388
afraid,0.000160118
sich,0.000159906
nunca,0.000159885
children,0.000159747
belong,0.00015971
ride,0.000159498
pressur,0.000159352
kein,0.000159214
worri,0.000159203
vez,0.000158889
4,0.000158816
understand,0.000158779
bis,0.000158518
ves,0.00015837
whatev,0.000158104
o√π,0.000157696
show,0.000157238
under,0.000157194
sigu,0.000157123
punk,0.000156873
learn,0.000156695
grand,0.000156507
sad,0.000156494
suck,0.000156451
wall,0.000156023
n√£o,0.000155962
dia,0.000155585
aye,0.000155565
jump,0.000155533
save,0.000155412
bring,0.000155185
wash,0.000154868
jeg,0.000154814
came,0.000154339
famili,0.000154097
record,0.000153787
viel,0.000153701
jetzt,0.000153659
faut,0.00015363
deux,0.00015331
john,0.000153081
back,0.000152963
better,0.000152696
shoe,0.000152624
hace,0.000152522
blame,0.00015228
respect,0.000152255
tengo,0.000152104
zone,0.00015176
monkey,0.000151731
sick,0.000151708
beer,0.000151578
mom,0.000151544
smooth,0.000151373
breath,0.00015107
sweetheart,0.000151031
sand,0.000150934
gangsta,0.000150831
quier,0.000150779
sous,0.000150218
mira,0.000150064
glad,0.000148994
posit,0.000148337
whisper,0.000148236
type,0.000148038
becom,0.000147961
aber,0.000147956
regard,0.000147943
ooh,0.000147881
sinc,0.000147631
goe,0.000147622
air,0.00014739
neck,0.000146989
everyon,0.000146989
danger,0.000146701
nas,0.000146537
euch,0.000146459
use,0.00014492
fact,0.000144881
dun,0.000144844
cigarett,0.000144422
thug,0.000144392
dass,0.000144385
vu,0.000144175
part,0.000144107
fai,0.000143898
hier,0.000143868
boom,0.000143773
dj,0.000143717
insid,0.000143398
l√†,0.000142993
sabe,0.000142575
anch,0.000142283
foi,0.000142162
m,0.000142034
5,0.000141929
pari,0.000141598
g,0.000141555
snow,0.00014122
oye,0.00014101
on,0.000140657
dope,0.000140363
system,0.00014018
√™tre,0.000139408
grab,0.000138948
until,0.000138729
corn,0.000138671
fill,0.000138653
king,0.000138542
mehr,0.000138403
sit,0.000137765
silver,0.000137626
stranger,0.000137575
yet,0.000137377
spend,0.00013663
into,0.00013616
b,0.000136128
blast,0.00013603
fake,0.00013595
dad,0.000135856
mo,0.000135813
geht,0.000135807
squad,0.000135799
across,0.000135761
gettin,0.000135727
re,0.000135324
wear,0.000135223
boat,0.000135034
handl,0.000134986
bound,0.000134912
forc,0.000134796
so,0.000134742
wird,0.000134367
tryin,0.000134262
knee,0.000134125
few,0.000134063
freak,0.000133979
might,0.000133749
these,0.000133736
nest,0.00013347
cant,0.000133299
coeur,0.000132714
mano,0.00013269
poor,0.000132679
quoi,0.000132519
dice,0.000132144
weari,0.000131883
brooklyn,0.000130906
worth,0.000130886
hous,0.000130842
upon,0.0001306
shore,0.000130585
rage,0.000130339
wire,0.000130163
control,0.00013015
rose,0.000130106
vi,0.000130029
apr√®,0.000130004
chick,0.000129728
thang,0.000129459
shall,0.000129418
fat,0.00012931
siempr,0.000128969
rest,0.000128955
dawn,0.000128409
papa,0.000128388
rip,0.000128367
bottl,0.000128188
sol,0.000128169
sail,0.000128154
abov,0.000127823
fort,0.000127505
sai,0.000126992
affair,0.000126732
fiddl,0.000126532
step,0.000126388
seul,0.000126355
io,0.000126306
ann,0.000126164
set,0.000125859
aqu√≠,0.000125852
drunk,0.000125755
tas,0.000125323
eh,0.000124873
southern,0.000124853
molli,0.000124799
till,0.000124769
boy,0.000124469
donc,0.000124218
jamai,0.000124098
alor,0.000124045
ahora,0.000123956
dri,0.00012389
ci,0.000123769
blood,0.000123685
flame,0.000123559
golden,0.000123239
live,0.00012281
don,0.000122798
dude,0.000122776
pillow,0.000122423
each,0.000122334
gave,0.000122283
autr,0.000121677
cosa,0.000121584
raw,0.000121524
whistl,0.00012141
mort,0.00012134
loco,0.000121328
storm,0.000120935
dead,0.000120596
vas,0.000120562
readi,0.000120485
uhh,0.000120407
life,0.000120396
nada,0.000120379
sink,0.000120374
vous,0.000120373
goin,0.000120269
beef,0.000120242
petit,0.000119945
reason,0.00011972
bei,0.000119531
it,0.00011919
immer,0.000118823
ces,0.000118758
fue,0.000118573
sono,0.00011844
slippin,0.000118412
gun,0.000118394
queen,0.000118286
dat,0.000118164
dire,0.000118061
click,0.000117949
than,0.000117816
scream,0.000117782
ese,0.000117284
perfect,0.000117235
other,0.000116991
ceux,0.000116878
ain,0.000116562
expect,0.000116138
want,0.000116086
mental,0.000115996
natur,0.000115784
estribillo,0.000115613
whoa,0.000115253
act,0.000114917
broke,0.000114607
shut,0.000114409
follow,0.000114004
mar,0.000113995
tumbl,0.000113841
coast,0.000113726
nah,0.000113608
jack,0.000113464
deiner,0.00011344
tag,0.000113297
hab,0.000113288
dollar,0.000113287
hiphop,0.000113278
bist,0.000112959
teardrop,0.000112936
estoy,0.00011255
chose,0.000112522
happen,0.000112326
alright,0.000112009
coup,0.00011197
skill,0.000111942
pourquoi,0.000111688
polic,0.000111539
drove,0.000111508
stuff,0.000111476
april,0.000111459
auch,0.000111454
album,0.000111397
negro,0.00011124
ani,0.000110691
surrend,0.000110565
shake,0.000110069
mejor,0.000109904
buddi,0.00010978
sunshin,0.000109643
tall,0.000109643
3x,0.000109459
second,0.000109134
pay,0.000108787
groov,0.000108415
near,0.000108402
standin,0.000108276
mia,0.000108059
field,0.000107938
team,0.000107871
voy,0.000107841
truck,0.000107763
quell,0.000107744
wed,0.000107645
pensar,0.00010759
og,0.000107576
between,0.000107262
crash,0.000107218
swear,0.000107171
tape,0.000107121
black,0.000107083
makeup,0.000107047
losin,0.000106944
cover,0.000106751
ey,0.000106646
hast,0.000106342
os,0.000106222
enter,0.00010601
mot,0.000105986
vaya,0.000105759
warm,0.000105654
rais,0.000105388
ont,0.000105309
plein,0.000105029
dann,0.00010495
underneath,0.000104946
toda,0.000104776
jam,0.000104747
funni,0.000104461
cada,0.000104451
cash,0.00010444
qu,0.000104369
form,0.000104313
truth,0.000104254
rich,0.000104217
veux,0.000104025
problema,0.000103983
chaqu,0.000103959
heat,0.000103857
ohh,0.000103784
zum,0.00010363
lado,0.000103608
own,0.000103515
mujer,0.000103504
exist,0.000103478
kann,0.000103264
x2,0.000103137
jah,0.000102992
bounc,0.000102956
three,0.000102676
verdad,0.000102343
voz,0.000102209
mach,0.000102177
ask,0.000101985
stupid,0.000101705
share,0.000101533
sex,0.000101506
jimmi,0.000101505
big,0.000101402
pig,0.00010136
insan,0.000101357
south,0.00010109
vuol,0.000101037
pimp,0.000100991
homi,0.000100891
blow,0.000100554
dond,0.000100502
clip,0.000100464
peur,0.000100435
bueno,0.000100413
alma,0.000100386
super,0.000100281
charli,0.000100224
rule,0.00010022
t,9.98714E-05
esa,9.9836E-05
thunder,9.95512E-05
‚Äì,9.95272E-05
blunt,9.95164E-05
ghost,9.90815E-05
babe,9.90024E-05
buena,9.90005E-05
gli,9.89953E-05
space,9.89491E-05
cruel,9.87025E-05
cop,9.86433E-05
power,9.86003E-05
zeit,9.85979E-05
fun,9.85393E-05
flag,9.85352E-05
anywher,9.84727E-05
window,9.82527E-05
saber,9.81683E-05
microphon,9.80932E-05
speak,9.79799E-05
mud,9.7937E-05
care,9.79052E-05
player,9.77414E-05
smoke,9.73178E-05
diamond,9.72385E-05
bag,9.70637E-05
loin,9.70329E-05
enfant,9.68632E-05
next,9.6842E-05
play,9.66784E-05
realli,9.63374E-05
quiet,9.63343E-05
mundo,9.62589E-05
elev,9.61697E-05
seen,9.60209E-05
cut,9.59956E-05
rue,9.58836E-05
fallin,9.58642E-05
vamo,9.58245E-05
togeth,9.5717E-05
faz,9.56901E-05
sunni,9.56557E-05
calm,9.55881E-05
bet,9.54578E-05
ici,9.54193E-05
candi,9.53719E-05
boo,9.53249E-05
untru,9.51542E-05
peep,9.51521E-05
enemi,9.50599E-05
pasa,9.49836E-05
soi,9.49741E-05
dust,9.48743E-05
peu,9.46602E-05
weil,9.45402E-05
dough,9.44534E-05
wrap,9.44098E-05
voir,9.41613E-05
pride,9.40673E-05
push,9.39877E-05
wax,9.37322E-05
ancora,9.36235E-05
pen,9.32227E-05
ab,9.31827E-05
vale,9.30482E-05
tard,9.30114E-05
ogni,9.28923E-05
rang,9.27547E-05
bang,9.25521E-05
bother,9.25439E-05
haut,9.23616E-05
intro,9.22393E-05
pra,9.21089E-05
oughta,9.19303E-05
dentro,9.19301E-05
crowd,9.14841E-05
murder,9.13943E-05
dune,9.1222E-05
lamour,9.11532E-05
tanto,9.08891E-05
van,9.08854E-05
vai,9.08831E-05
vor,9.08733E-05
destino,9.08038E-05
avant,9.06637E-05
macht,9.06043E-05
pena,9.05083E-05
singin,9.04878E-05
depui,9.02775E-05
longer,9.02688E-05
trick,9.02657E-05
sens,9.02436E-05
lip,9.00775E-05
bas,9.00356E-05
drug,8.99774E-05
r√™ves,8.99735E-05
both,8.9935E-05
alla,8.98663E-05
cat,8.98384E-05
met,8.97818E-05
loneli,8.97239E-05
gibt,8.97117E-05
rosa,8.97092E-05
gold,8.96146E-05
jukebox,8.94789E-05
end,8.93974E-05
anda,8.93075E-05
fan,8.92381E-05
ill,8.92356E-05
slip,8.90569E-05
lieb,8.90165E-05
everytim,8.89504E-05
sight,8.89056E-05
wide,8.8725E-05
mend,8.86702E-05
gen,8.86553E-05
boogi,8.84288E-05
hater,8.83411E-05
contigo,8.8284E-05
higher,8.82823E-05
prend,8.81245E-05
finger,8.80741E-05
tire,8.80542E-05
ocean,8.79178E-05
sweat,8.78379E-05
merci,8.78259E-05
also,8.75503E-05
queda,8.74331E-05
human,8.71849E-05
crumbl,8.70549E-05
sus,8.69969E-05
hang,8.69302E-05
known,8.68624E-05
aussi,8.67655E-05
rainbow,8.67468E-05
drama,8.66044E-05
certain,8.65298E-05
chang,8.64073E-05
ladder,8.62905E-05
nadi,8.62262E-05
franc,8.61949E-05
sei,8.61693E-05
bigger,8.61681E-05
after,8.60115E-05
york,8.5803E-05
circl,8.56299E-05
person,8.55709E-05
card,8.54618E-05
h,8.5292E-05
det,8.51086E-05
shiver,8.4899E-05
scene,8.48526E-05
cryin,8.47881E-05
han,8.47209E-05
experi,8.46716E-05
phone,8.46332E-05
wa,8.44908E-05
vill,8.43677E-05
ment,8.43675E-05
bought,8.42023E-05
spent,8.41053E-05
dos,8.40393E-05
call,8.39E-05
chez,8.38586E-05
fa,8.35442E-05
mistak,8.35292E-05
qu√©,8.3517E-05
laiss,8.34395E-05
d√©j√†,8.33546E-05
miseri,8.33447E-05
physic,8.32877E-05
trembl,8.32296E-05
code,8.30369E-05
yeux,8.30206E-05
school,8.29705E-05
sempr,8.28548E-05
whatcha,8.26854E-05
releas,8.24862E-05
oder,8.2481E-05
spray,8.23739E-05
art,8.23222E-05
anyway,8.22621E-05
pued,8.22057E-05
rub,8.20274E-05
peut,8.19001E-05
sucker,8.1761E-05
jame,8.17387E-05
parent,8.16601E-05
joint,8.16257E-05
aim,8.15002E-05
droit,8.13211E-05
pull,8.12264E-05
quun,8.12025E-05
p√•,8.11926E-05
plane,8.10267E-05
everyday,8.08786E-05
steel,8.0779E-05
cmon,8.07758E-05
child,8.07671E-05
spread,8.06768E-05
beast,8.0494E-05
pool,8.03926E-05
tuo,8.02025E-05
high,8.01375E-05
savior,8.00039E-05
luego,7.99901E-05
talk,7.99444E-05
test,7.98363E-05
haunt,7.97551E-05
valley,7.97238E-05
count,7.97217E-05
mission,7.96935E-05
donn,7.96048E-05
forgiv,7.9559E-05
buy,7.95259E-05
island,7.95139E-05
scratch,7.93667E-05
fell,7.91869E-05
personn,7.90632E-05
aliv,7.86772E-05
cow,7.85867E-05
bump,7.85723E-05
question,7.85707E-05
fever,7.83595E-05
tour,7.83491E-05
floor,7.83453E-05
font,7.83099E-05
arm,7.81376E-05
method,7.80818E-05
komm,7.80641E-05
anyon,7.79619E-05
nem,7.79575E-05
mix,7.7527E-05
pare,7.75218E-05
stumbl,7.74801E-05
devil,7.74769E-05
first,7.74613E-05
ao,7.74536E-05
rail,7.73332E-05
jsui,7.729E-05
prison,7.70392E-05
bo,7.70326E-05
price,7.67338E-05
ole,7.66867E-05
disco,7.65542E-05
focus,7.64326E-05
ser√°,7.63048E-05
cloudi,7.60834E-05
summer,7.5682E-05
ka,7.56095E-05
attack,7.56063E-05
crime,7.55085E-05
eas,7.5474E-05
bad,7.53857E-05
becam,7.5318E-05
full,7.52327E-05
clap,7.51779E-05
santo,7.51223E-05
pue,7.51097E-05
less,7.51046E-05
holla,7.50923E-05
s√•,7.49269E-05
spring,7.49266E-05
realiz,7.49104E-05
hasta,7.46797E-05
shed,7.46104E-05
figur,7.45828E-05
meu,7.45126E-05
movin,7.44231E-05
hecho,7.42862E-05
veut,7.41894E-05
master,7.417E-05
moment,7.39348E-05
ant,7.39297E-05
madr,7.38834E-05
boca,7.3772E-05
arriba,7.35788E-05
press,7.34786E-05
crack,7.34254E-05
hijo,7.33517E-05
fish,7.3091E-05
jerk,7.30842E-05
lead,7.30042E-05
ohn,7.29792E-05
√©tait,7.29638E-05
soir,7.29447E-05
marri,7.29331E-05
sigh,7.2872E-05
dicen,7.27883E-05
minha,7.27355E-05
tus,7.26997E-05
barrio,7.25342E-05
dim,7.25321E-05
loud,7.22593E-05
thousand,7.22322E-05
moonlight,7.21354E-05
gather,7.21154E-05
built,7.20586E-05
ten,7.18551E-05
voi,7.17019E-05
hacer,7.15363E-05
trip,7.1448E-05
retir,7.14384E-05
chocol,7.14061E-05
pretend,7.13013E-05
ba,7.10732E-05
god,7.10581E-05
tast,7.09919E-05
ven,7.09668E-05
build,7.09327E-05
50,7.09253E-05
such,7.09049E-05
diseas,7.07865E-05
cave,7.06282E-05
doo,7.05981E-05
amor,7.05895E-05
action,7.03843E-05
engin,7.0319E-05
past,7.02624E-05
quelqu,7.02251E-05
pick,7.01741E-05
underground,7.00278E-05
ai,7.00143E-05
coal,6.9979E-05
handsom,6.98961E-05
lick,6.9706E-05
shell,6.95899E-05
drag,6.95141E-05
gate,6.95108E-05
quem,6.95066E-05
trap,6.94885E-05
po,6.94696E-05
bow,6.93586E-05
five,6.93487E-05
corner,6.92546E-05
parol,6.92353E-05
fin,6.92138E-05
meet,6.9198E-05
stage,6.91577E-05
hall,6.91219E-05
outro,6.9098E-05
t√™te,6.90029E-05
quit,6.89824E-05
fr,6.89502E-05
wieder,6.88879E-05
main,6.88837E-05
contempl,6.87848E-05
desert,6.86921E-05
chrome,6.86815E-05
bend,6.86301E-05
nice,6.85562E-05
bottom,6.85272E-05
r√™ve,6.8458E-05
contr,6.83862E-05
rug,6.83858E-05
seit,6.83741E-05
slowli,6.83683E-05
gut,6.8314E-05
mass,6.83011E-05
cup,6.82259E-05
jungl,6.81746E-05
minut,6.8035E-05
importa,6.7918E-05
col,6.77928E-05
vivo,6.7738E-05
us,6.76241E-05
dinero,6.75759E-05
forgot,6.75323E-05
choos,6.75129E-05
open,6.72554E-05
linger,6.72261E-05
shock,6.71197E-05
remain,6.71168E-05
fra,6.70825E-05
diss,6.70807E-05
connect,6.70626E-05
anim,6.69692E-05
diga,6.68973E-05
point,6.68389E-05
realiti,6.68105E-05
middl,6.67134E-05
gimm,6.67101E-05
chest,6.66579E-05
pode,6.65775E-05
pure,6.65623E-05
port,6.65374E-05
favorit,6.65343E-05
sleev,6.6422E-05
croi,6.63604E-05
plain,6.63077E-05
dr,6.62455E-05
tiger,6.62214E-05
normal,6.59795E-05
letra,6.58837E-05
california,6.5877E-05
crow,6.58391E-05
stood,6.57716E-05
senza,6.57051E-05
mentira,6.5682E-05
men,6.56537E-05
loca,6.56484E-05
jane,6.56459E-05
princ,6.55434E-05
stack,6.55264E-05
p,6.55008E-05
loos,6.54752E-05
whole,6.53575E-05
wast,6.53307E-05
key,6.52606E-05
estar,6.5177E-05
juego,6.51639E-05
ran,6.51612E-05
sigo,6.51062E-05
hors,6.50818E-05
evil,6.50078E-05
dirti,6.49926E-05
fashion,6.48932E-05
s√≥,6.48245E-05
rocki,6.48112E-05
feelin,6.47532E-05
strap,6.46701E-05
bullshit,6.44901E-05
deep,6.44684E-05
d√≠a,6.44545E-05
east,6.44363E-05
flavor,6.43813E-05
jen,6.43451E-05
trade,6.43389E-05
luz,6.43191E-05
ik,6.42231E-05
fame,6.42166E-05
trist,6.41365E-05
besoin,6.4124E-05
sell,6.41004E-05
killin,6.40909E-05
swim,6.38851E-05
vocal,6.38356E-05
daughter,6.37349E-05
vengo,6.36859E-05
ball,6.36632E-05
hah,6.36601E-05
hat,6.35351E-05
trail,6.353E-05
lon,6.34557E-05
gentl,6.34442E-05
somebodi,6.3363E-05
notr,6.33619E-05
nella,6.30721E-05
rush,6.3006E-05
weak,6.29992E-05
eat,6.29952E-05
tan,6.2992E-05
haus,6.2939E-05
ding,6.29064E-05
beyond,6.28976E-05
label,6.28601E-05
parl,6.28552E-05
dieu,6.28345E-05
teu,6.26997E-05
makin,6.26653E-05
rise,6.26111E-05
escucha,6.26029E-05
situat,6.25961E-05
aqui,6.25761E-05
ny,6.25626E-05
algo,6.25529E-05
parar,6.24829E-05
della,6.246E-05
x,6.24049E-05
tellement,6.2393E-05
f,6.23759E-05
buck,6.23504E-05
seguir,6.2336E-05
dei,6.23199E-05
victim,6.22784E-05
lei,6.22599E-05
mieux,6.22493E-05
foot,6.21032E-05
snap,6.20814E-05
mississippi,6.20619E-05
mike,6.20614E-05
base,6.20267E-05
vain,6.19985E-05
vibe,6.1855E-05
cell,6.18385E-05
citi,6.18053E-05
daylight,6.17632E-05
ningu√©m,6.1714E-05
modern,6.16128E-05
smokin,6.15921E-05
guid,6.15705E-05
breakin,6.15551E-05
ir,6.15457E-05
bullet,6.154E-05
cours,6.15374E-05
fail,6.15252E-05
ladi,6.14971E-05
mucho,6.14603E-05
wither,6.13664E-05
vivr,6.13016E-05
kommen,6.12881E-05
ventana,6.12481E-05
return,6.12288E-05
baila,6.12279E-05
telephon,6.11285E-05
dee,6.10104E-05
preacher,6.09511E-05
femm,6.09367E-05
waitin,6.09075E-05
woah,6.08906E-05
pi,6.08497E-05
girlfriend,6.07431E-05
fanci,6.06756E-05
givin,6.06748E-05
special,6.06661E-05
squeez,6.05664E-05
roam,6.0517E-05
news,6.033E-05
questa,6.03211E-05
flyin,6.03052E-05
planet,6.02021E-05
red,6.01883E-05
combin,6.01597E-05
unser,6.0145E-05
encor,5.99753E-05
hora,5.98715E-05
forgotten,5.98322E-05
pictur,5.98211E-05
sat,5.97843E-05
despu√©,5.97541E-05
need,5.97233E-05
recal,5.96486E-05
stormi,5.9593E-05
whether,5.952E-05
fantasi,5.95106E-05
proud,5.94925E-05
guilti,5.94436E-05
aunqu,5.93694E-05
band,5.92918E-05
accept,5.92689E-05
convict,5.92605E-05
instead,5.9215E-05
einen,5.91691E-05
grave,5.91668E-05
llega,5.91197E-05
ooo,5.90975E-05
momento,5.90716E-05
zombi,5.90626E-05
justic,5.90331E-05
yard,5.90287E-05
strong,5.8998E-05
soft,5.88644E-05
assassin,5.88377E-05
paso,5.88322E-05
gusta,5.88113E-05
slide,5.87428E-05
sway,5.86363E-05
arriv,5.85465E-05
group,5.84985E-05
weg,5.84446E-05
speed,5.8442E-05
nao,5.84396E-05
playa,5.8436E-05
homm,5.84051E-05
nie,5.82565E-05
heur,5.81971E-05
schon,5.78928E-05
nach,5.7832E-05
chop,5.78173E-05
total,5.78029E-05
shout,5.77714E-05
bibl,5.77704E-05
memphi,5.77622E-05
cara,5.77216E-05
knock,5.76077E-05
sait,5.75982E-05
understood,5.75191E-05
swing,5.74628E-05
whip,5.74501E-05
fade,5.74135E-05
puttin,5.7342E-05
sweetest,5.73343E-05
rat,5.72485E-05
lugar,5.72053E-05
cruz,5.72051E-05
brick,5.71751E-05
fil,5.71706E-05
male,5.71687E-05
hustl,5.70158E-05
vent,5.69899E-05
flirt,5.6847E-05
dame,5.68441E-05
diferent,5.68404E-05
laid,5.68293E-05
especi,5.67877E-05
drift,5.67571E-05
duro,5.66603E-05
revolut,5.66107E-05
artist,5.65572E-05
tant,5.6493E-05
rocket,5.64788E-05
taken,5.64341E-05
cos,5.64279E-05
yourself,5.6371E-05
sleepin,5.63224E-05
georgia,5.63032E-05
doubl,5.62969E-05
hardest,5.62584E-05
booti,5.62277E-05
tanta,5.62184E-05
winter,5.61829E-05
tak,5.61791E-05
√ºber,5.61376E-05
belli,5.61165E-05
wei√ü,5.60908E-05
earth,5.59239E-05
verso,5.59107E-05
7,5.58784E-05
teenag,5.58449E-05
fo,5.58142E-05
llama,5.57669E-05
dolor,5.57544E-05
domani,5.56286E-05
vece,5.55956E-05
drank,5.55937E-05
extra,5.55843E-05
haben,5.54785E-05
honki,5.54415E-05
mornin,5.54109E-05
weiter,5.53978E-05
half,5.53215E-05
minor,5.53177E-05
caus,5.52157E-05
pi√π,5.51896E-05
creat,5.51127E-05
eve,5.50635E-05
it¬¥,5.50339E-05
c√©tait,5.50171E-05
proof,5.49593E-05
throat,5.49367E-05
drive,5.49309E-05
bye,5.48514E-05
color,5.48189E-05
lean,5.47704E-05
heal,5.47523E-05
nut,5.4658E-05
morir,5.46516E-05
ahead,5.46334E-05
clean,5.45747E-05
jeder,5.45305E-05
weav,5.44168E-05
h√∂r,5.44109E-05
split,5.437E-05
tongu,5.43219E-05
caf√©,5.42816E-05
foul,5.42787E-05
lair,5.42427E-05
despertar,5.41568E-05
note,5.41038E-05
v,5.40665E-05
box,5.40392E-05
wet,5.39289E-05
vom,5.39262E-05
ciel,5.39219E-05
shorti,5.3897E-05
prima,5.38002E-05
dies,5.3794E-05
tua,5.37897E-05
yes,5.37194E-05
brauch,5.37187E-05
clock,5.37113E-05
quella,5.36145E-05
stell,5.35876E-05
buzz,5.35863E-05
nuit,5.35082E-05
lili,5.33058E-05
cantar,5.3283E-05
fri,5.3176E-05
igual,5.31684E-05
butcher,5.31423E-05
aquel,5.31266E-05
esperanza,5.30788E-05
sil,5.30614E-05
ah√≠,5.301E-05
kommt,5.29926E-05
plate,5.28254E-05
da√ü,5.28204E-05
ok,5.27901E-05
brought,5.2742E-05
colder,5.27166E-05
cuenta,5.2699E-05
mala,5.26941E-05
neither,5.26659E-05
singl,5.26503E-05
bus,5.26322E-05
either,5.25344E-05
state,5.25136E-05
gehen,5.24594E-05
treat,5.24538E-05
american,5.2386E-05
bluebird,5.23037E-05
settl,5.22913E-05
origin,5.22796E-05
georg,5.22446E-05
envi,5.20672E-05
perdu,5.2014E-05
vaan,5.17598E-05
kaikki,5.17598E-05
cream,5.17042E-05
becaus,5.16784E-05
t√°,5.16434E-05
worn,5.16331E-05
deinen,5.1585E-05
tide,5.15627E-05
confus,5.14902E-05
precious,5.14581E-05
casa,5.14077E-05
fuego,5.1398E-05
stori,5.1265E-05
cantando,5.12509E-05
borrow,5.11834E-05
imagin,5.10249E-05
historia,5.09962E-05
livin,5.09477E-05
gana,5.09428E-05
fast,5.09028E-05
vision,5.0892E-05
t√∫,5.08326E-05
nel,5.07877E-05
mann,5.07508E-05
jenni,5.06957E-05
turnin,5.0688E-05
continu,5.06877E-05
qua,5.06008E-05
blaze,5.05786E-05
lake,5.05609E-05
amen,5.03836E-05
creatur,5.0361E-05
plastic,5.03499E-05
jaim,5.03421E-05
dig,5.02901E-05
bras,5.02846E-05
vite,5.02844E-05
pens,5.02286E-05
critic,5.02081E-05
zwei,5.01418E-05
heel,5.01327E-05
steal,5.00363E-05
cool,4.99377E-05
wrote,4.97838E-05
hug,4.977E-05
tango,4.97457E-05
visto,4.97248E-05
caught,4.97239E-05
bon,4.96909E-05
dio,4.96585E-05
premier,4.96384E-05
larg,4.95981E-05
drown,4.95843E-05
ago,4.94884E-05
mr,4.94485E-05
crimin,4.94369E-05
har,4.93845E-05
ach,4.93055E-05
regret,4.92221E-05
sul,4.92088E-05
ander,4.9031E-05
destruct,4.898E-05
doom,4.89305E-05
mismo,4.89128E-05
rather,4.88708E-05
tini,4.88001E-05
coat,4.87754E-05
piel,4.87215E-05
muss,4.86514E-05
feu,4.862E-05
head,4.86175E-05
harmoni,4.85963E-05
melodi,4.85776E-05
explod,4.85371E-05
damag,4.8517E-05
grip,4.85103E-05
psycho,4.84505E-05
x4,4.83753E-05
quello,4.83254E-05
due,4.82418E-05
yesterday,4.81897E-05
sehn,4.81372E-05
slap,4.81002E-05
warrior,4.80548E-05
frent,4.8002E-05
lookin,4.79994E-05
limit,4.79395E-05
d√™tre,4.79338E-05
callin,4.78337E-05
equal,4.78305E-05
mail,4.77735E-05
target,4.75941E-05
produc,4.75733E-05
goodnight,4.75348E-05
lang,4.74966E-05
nasti,4.74347E-05
fino,4.73649E-05
hello,4.73216E-05
crush,4.73185E-05
mio,4.7282E-05
pale,4.72185E-05
sag,4.71854E-05
bubbl,4.70897E-05
holiday,4.70714E-05
vert,4.70326E-05
given,4.70243E-05
wife,4.69952E-05
fiend,4.698E-05
dub,4.69722E-05
defeat,4.69677E-05
ur,4.68145E-05
lion,4.68136E-05
oooh,4.67933E-05
devant,4.67494E-05
noi,4.66832E-05
lil,4.66138E-05
silent,4.66075E-05
aquello,4.65527E-05
strand,4.65193E-05
romanc,4.65055E-05
stomach,4.64271E-05
post,4.64145E-05
nacht,4.63994E-05
lass,4.63855E-05
compani,4.63821E-05
forma,4.63417E-05
vivir,4.63097E-05
seat,4.63009E-05
wake,4.62889E-05
wick,4.6255E-05
desper,4.62352E-05
cambia,4.62026E-05
support,4.61592E-05
public,4.61551E-05
cycl,4.61504E-05
fist,4.61349E-05
sea,4.61319E-05
soldier,4.61234E-05
magia,4.60942E-05
reach,4.60604E-05
brother,4.60177E-05
surviv,4.60015E-05
counti,4.59807E-05
killer,4.59491E-05
law,4.59089E-05
robot,4.57895E-05
comb,4.57113E-05
jone,4.56563E-05
a√±o,4.56317E-05
shoulder,4.55495E-05
stream,4.55327E-05
almost,4.54915E-05
quero,4.54874E-05
durch,4.5456E-05
defin,4.5416E-05
ciudad,4.5405E-05
folk,4.53985E-05
babylon,4.53962E-05
smack,4.52685E-05
height,4.52664E-05
or,4.52416E-05
taught,4.52021E-05
notic,4.51568E-05
mucha,4.51342E-05
shame,4.51313E-05
bajo,4.51294E-05
croir,4.51142E-05
werd,4.51141E-05
conmigo,4.50748E-05
nowher,4.50458E-05
cama,4.49778E-05
outsid,4.49746E-05
switch,4.49396E-05
recogn,4.48331E-05
beep,4.48013E-05
quick,4.47957E-05
libr,4.47441E-05
guy,4.46619E-05
knowledg,4.46345E-05
suit,4.46343E-05
wherev,4.46024E-05
cuerpo,4.4598E-05
drivin,4.45408E-05
aujourdhui,4.44557E-05
video,4.44326E-05
revolv,4.43328E-05
vow,4.43261E-05
cd,4.43117E-05
suprem,4.42969E-05
purpl,4.4271E-05
flood,4.42122E-05
questo,4.41925E-05
pound,4.41728E-05
quiera,4.40846E-05
porch,4.40799E-05
tutto,4.40417E-05
papel,4.40235E-05
howl,4.39463E-05
stare,4.39033E-05
sal,4.38868E-05
vrai,4.38743E-05
aller,4.38405E-05
rewind,4.38184E-05
doubt,4.37447E-05
front,4.37429E-05
10,4.36535E-05
desd,4.36114E-05
farm,4.36038E-05
ganz,4.35962E-05
decir,4.35683E-05
tip,4.35662E-05
combat,4.35023E-05
wollt,4.34919E-05
sake,4.33506E-05
mate,4.33505E-05
sorri,4.33496E-05
prendr,4.32847E-05
kept,4.32633E-05
bewar,4.31667E-05
million,4.31529E-05
iron,4.31514E-05
jung,4.31457E-05
daili,4.30023E-05
jewel,4.29579E-05
selbst,4.27828E-05
protect,4.27514E-05
offer,4.27432E-05
siamo,4.2666E-05
footstep,4.26515E-05
infect,4.26407E-05
bull,4.25999E-05
quest,4.2493E-05
bat,4.23595E-05
straight,4.23568E-05
pelo,4.22822E-05
conscienc,4.22698E-05
float,4.22093E-05
tras,4.21352E-05
echo,4.21345E-05
cough,4.20844E-05
stroke,4.2038E-05
havin,4.20302E-05
rumbl,4.19597E-05
gracia,4.19588E-05
born,4.19539E-05
tail,4.19451E-05
fella,4.19368E-05
taim,4.1917E-05
stuck,4.19097E-05
12,4.19096E-05
perform,4.18973E-05
wise,4.18766E-05
relat,4.18665E-05
lumi√®r,4.18489E-05
seh,4.18465E-05
atr√°,4.18214E-05
fore,4.17958E-05
messag,4.17818E-05
blew,4.175E-05
imma,4.17217E-05
stair,4.16522E-05
punto,4.15906E-05
cheer,4.15893E-05
univers,4.15783E-05
below,4.15224E-05
mentr,4.14111E-05
ni√±o,4.14013E-05
mil,4.12393E-05
hurri,4.12392E-05
cultur,4.12271E-05
chanson,4.12074E-05
weekend,4.11917E-05
weight,4.11568E-05
most,4.11521E-05
bem,4.10996E-05
ihn,4.10943E-05
paint,4.10812E-05
ama,4.10757E-05
ribbon,4.1073E-05
unless,4.10206E-05
shield,4.10082E-05
clear,4.09661E-05
absolut,4.09449E-05
pein,4.09432E-05
machin,4.08992E-05
tudo,4.08925E-05
level,4.08778E-05
gang,4.08678E-05
riot,4.07774E-05
amour,4.07505E-05
rollin,4.07243E-05
pot,4.07184E-05
dijo,4.06566E-05
welt,4.06292E-05
ad,4.06214E-05
meadow,4.06043E-05
weather,4.06022E-05
mata,4.05884E-05
uncl,4.05357E-05
surfac,4.05321E-05
sua,4.05192E-05
tune,4.05068E-05
16,4.05054E-05
cha,4.04697E-05
yearn,4.04654E-05
screw,4.04201E-05
stroll,4.02958E-05
differ,4.0293E-05
instant,4.02769E-05
sentir,4.02501E-05
meno,4.02109E-05
musiqu,4.0206E-05
drip,4.01848E-05
opposit,4.01496E-05
hardcor,4.01205E-05
veo,4.00871E-05
bowl,4.00381E-05
sort,4.00088E-05
serious,3.99634E-05
join,3.99462E-05
agre,3.99362E-05
rum,3.99281E-05
lung,3.99237E-05
afford,3.98897E-05
bless,3.98731E-05
kickin,3.98628E-05
hammer,3.98421E-05
hundr,3.9729E-05
remind,3.97262E-05
slave,3.97165E-05
nuevo,3.97094E-05
thinkin,3.96839E-05
watchin,3.9677E-05
chico,3.96703E-05
trust,3.9659E-05
grief,3.96341E-05
w√§r,3.95973E-05
sidewalk,3.95527E-05
green,3.95143E-05
caminho,3.94831E-05
sentenc,3.93526E-05
blowin,3.93384E-05
pro,3.9301E-05
freez,3.92718E-05
20,3.92313E-05
crave,3.92177E-05
dejo,3.91996E-05
saviour,3.90558E-05
sangr,3.90518E-05
holler,3.90185E-05
cheek,3.89877E-05
reflect,3.89528E-05
father,3.89487E-05
futuro,3.89075E-05
surpris,3.88423E-05
deja,3.88356E-05
cap,3.8828E-05
j√©tai,3.87799E-05
nessuno,3.87314E-05
violent,3.86185E-05
superstar,3.86046E-05
habla,3.85839E-05
tem,3.85428E-05
raus,3.85341E-05
dautr,3.85185E-05
duda,3.85081E-05
escap,3.84801E-05
shower,3.84671E-05
fed,3.8461E-05
board,3.84322E-05
mainten,3.83615E-05
pie,3.82994E-05
dancin,3.82862E-05
lejo,3.82842E-05
symphoni,3.827E-05
west,3.82366E-05
liar,3.82086E-05
magazin,3.81876E-05
ku,3.81179E-05
tal,3.81002E-05
chain,3.80615E-05
qualquer,3.80554E-05
quanto,3.80354E-05
mont,3.80236E-05
prophet,3.80075E-05
hago,3.79744E-05
sourc,3.79655E-05
sehen,3.79213E-05
hidden,3.78859E-05
dura,3.78797E-05
pon,3.78757E-05
soleil,3.78472E-05
written,3.78406E-05
food,3.78337E-05
sabor,3.7781E-05
edg,3.77799E-05
tangl,3.7736E-05
hermano,3.77238E-05
momma,3.77139E-05
neighbor,3.76479E-05
muerto,3.76452E-05
alter,3.76384E-05
juic,3.75706E-05
beam,3.75583E-05
warn,3.75381E-05
viver,3.75155E-05
asleep,3.75137E-05
hey,3.75047E-05
doi,3.74981E-05
gentlemen,3.7464E-05
gear,3.74468E-05
church,3.74077E-05
glass,3.7339E-05
french,3.73356E-05
digo,3.7249E-05
endless,3.723E-05
avait,3.72266E-05
flesh,3.71551E-05
metal,3.71011E-05
takin,3.70857E-05
closer,3.70433E-05
scienc,3.70173E-05
tue,3.7015E-05
s√≥lo,3.70026E-05
creep,3.69679E-05
tierra,3.69619E-05
spare,3.69478E-05
depoi,3.69408E-05
kitchen,3.68845E-05
inspir,3.68541E-05
amo,3.68504E-05
string,3.68223E-05
perd,3.68221E-05
steam,3.68074E-05
pone,3.67752E-05
sudden,3.67666E-05
puedo,3.67131E-05
poi,3.66527E-05
weapon,3.66355E-05
drinkin,3.66308E-05
siento,3.66269E-05
major,3.65954E-05
lotta,3.65891E-05
tooth,3.6574E-05
strip,3.65274E-05
klar,3.64454E-05
llorando,3.64431E-05
dress,3.64077E-05
dip,3.63838E-05
degre,3.63443E-05
puerta,3.62904E-05
ond,3.61698E-05
peux,3.61676E-05
coz,3.60975E-05
face,3.60956E-05
perro,3.60601E-05
peak,3.60588E-05
coke,3.59987E-05
espera,3.59478E-05
vielleicht,3.59455E-05
lock,3.59317E-05
foss,3.59079E-05
donna,3.58914E-05
world,3.58169E-05
som,3.57665E-05
perch√©,3.57594E-05
mexico,3.57307E-05
playin,3.57176E-05
correct,3.56984E-05
fold,3.56345E-05
sittin,3.56252E-05
materi,3.56154E-05
blanca,3.5601E-05
scare,3.55875E-05
describ,3.55775E-05
attend,3.55653E-05
pienso,3.55491E-05
meiner,3.55345E-05
machen,3.55035E-05
ora,3.54959E-05
moin,3.54824E-05
spark,3.54744E-05
bobbi,3.54695E-05
jean,3.54253E-05
mighti,3.53974E-05
trippin,3.53954E-05
j√°,3.53719E-05
star,3.53232E-05
mous,3.53089E-05
intent,3.52517E-05
threw,3.522E-05
amigo,3.52072E-05
flight,3.52007E-05
element,3.51779E-05
pill,3.51771E-05
poco,3.5174E-05
lame,3.51095E-05
tomb,3.50522E-05
poder,3.49528E-05
definit,3.49364E-05
wissen,3.49353E-05
muert,3.49176E-05
k,3.4894E-05
calma,3.48306E-05
wrist,3.48209E-05
zero,3.48207E-05
keiner,3.48018E-05
consol,3.48017E-05
fortun,3.47922E-05
heut,3.477E-05
gay,3.47608E-05
comfort,3.47346E-05
jackson,3.46666E-05
‚Äòcaus,3.46553E-05
quel,3.46391E-05
tight,3.46017E-05
glori,3.45773E-05
writer,3.45689E-05
askin,3.45461E-05
modo,3.45089E-05
niin,3.45066E-05
nyt,3.45066E-05
joka,3.45066E-05
kaiken,3.45066E-05
issu,3.44421E-05
sexi,3.44142E-05
import,3.44094E-05
famous,3.43755E-05
corpo,3.43498E-05
fuss,3.42748E-05
hypnot,3.42744E-05
languag,3.42054E-05
betti,3.4187E-05
sourir,3.41767E-05
tr√®s,3.41521E-05
se√±or,3.41487E-05
oer,3.41395E-05
gain,3.41194E-05
sam,3.41058E-05
retreat,3.41053E-05
larm,3.40269E-05
bone,3.39745E-05
profit,3.39718E-05
vibrat,3.39711E-05
wollen,3.39518E-05
meinen,3.39103E-05
piedra,3.39071E-05
silli,3.38936E-05
paus,3.38496E-05
joy,3.38432E-05
christ,3.38192E-05
direct,3.38005E-05
curs,3.37976E-05
runnin,3.37785E-05
licht,3.3769E-05
sincer,3.37195E-05
farther,3.37055E-05
summertim,3.36853E-05
t√£o,3.36817E-05
endlich,3.36744E-05
johnni,3.36577E-05
thread,3.3656E-05
explain,3.36479E-05
grow,3.36094E-05
okay,3.35914E-05
fog,3.35826E-05
dag,3.35631E-05
dans,3.35576E-05
fui,3.35401E-05
net,3.35275E-05
dal,3.35165E-05
ela,3.34984E-05
grew,3.3481E-05
bush,3.34078E-05
mesmo,3.33652E-05
dumb,3.33651E-05
burden,3.33121E-05
sagt,3.33121E-05
estamo,3.32376E-05
buscando,3.3234E-05
easier,3.32098E-05
progress,3.31818E-05
unkind,3.31706E-05
energi,3.31119E-05
volta,3.30981E-05
evid,3.30457E-05
hacia,3.29886E-05
month,3.29599E-05
pine,3.2951E-05
billi,3.29365E-05
candl,3.28642E-05
viejo,3.28494E-05
pobr,3.2789E-05
gypsi,3.27882E-05
rough,3.27728E-05
convers,3.27524E-05
passion,3.27143E-05
youth,3.2702E-05
nombr,3.27001E-05
terror,3.26814E-05
rode,3.26241E-05
hung,3.26103E-05
sooth,3.26085E-05
host,3.25858E-05
pecho,3.25659E-05
harder,3.25374E-05
track,3.25346E-05
void,3.25151E-05
kannst,3.24729E-05
self,3.24314E-05
weep,3.24243E-05
bail,3.24197E-05
humbl,3.24059E-05
complex,3.23991E-05
zur√ºck,3.23912E-05
woh,3.23711E-05
damour,3.2342E-05
predict,3.23029E-05
willst,3.22863E-05
glaub,3.22662E-05
resist,3.22505E-05
chapter,3.22156E-05
sent,3.21391E-05
muero,3.21298E-05
drum,3.21137E-05
tra,3.20344E-05
cling,3.20222E-05
don¬¥t,3.20209E-05
sleepi,3.20096E-05
burst,3.2006E-05
narrow,3.198E-05
bonheur,3.19747E-05
sinn,3.19363E-05
est√°n,3.19279E-05
routin,3.19098E-05
fenc,3.18947E-05
tin,3.18935E-05
s√©,3.18935E-05
vient,3.18883E-05
lack,3.18854E-05
ridin,3.17911E-05
chat,3.1754E-05
amaz,3.17246E-05
await,3.1708E-05
garden,3.16839E-05
chord,3.1672E-05
resto,3.16696E-05
destini,3.16629E-05
program,3.16355E-05
skull,3.16258E-05
flew,3.1605E-05
comment,3.14787E-05
mysteri,3.1415E-05
coward,3.13519E-05
interest,3.13513E-05
digit,3.13311E-05
meus,3.13283E-05
sonho,3.13283E-05
inhal,3.13084E-05
cheat,3.12543E-05
unleash,3.12342E-05
bitt,3.12274E-05
suav,3.12205E-05
command,3.12173E-05
llorar,3.11811E-05
matar,3.11317E-05
cake,3.10947E-05
javai,3.1087E-05
won,3.1059E-05
camera,3.10198E-05
toll,3.09811E-05
hell,3.09692E-05
einfach,3.09495E-05
termin,3.0947E-05
denk,3.09153E-05
waist,3.0886E-05
rubi,3.08607E-05
egal,3.08268E-05
ma√±ana,3.08258E-05
fatto,3.07919E-05
princess,3.07839E-05
cloth,3.07338E-05
coraz√≥n,3.07199E-05
crown,3.07011E-05
domin,3.0698E-05
proper,3.06934E-05
ritmo,3.06758E-05
pace,3.06281E-05
phrase,3.06029E-05
sangu,3.05692E-05
sulla,3.05628E-05
drunken,3.05615E-05
i¬¥m,3.05275E-05
lightn,3.05223E-05
industri,3.04954E-05
deinem,3.0451E-05
neon,3.04139E-05
salir,3.03839E-05
punch,3.03817E-05
negat,3.03606E-05
instinct,3.03572E-05
8,3.03246E-05
ruin,3.03113E-05
prime,3.02966E-05
gleich,3.02578E-05
paz,3.0233E-05
practic,3.0167E-05
ambit,3.01406E-05
africa,3.01192E-05
sest,3.01028E-05
bene,3.00997E-05
tv,3.0099E-05
china,3.0095E-05
leader,3.00896E-05
subject,3.00694E-05
screamin,3.00514E-05
simpli,3.00255E-05
pack,3.00144E-05
geh,2.99883E-05
ga,2.99815E-05
einer,2.9963E-05
pose,2.99507E-05
ought,2.99441E-05
padr,2.99096E-05
chant,2.98954E-05
list,2.98454E-05
fifti,2.9829E-05
autumn,2.98229E-05
miei,2.98183E-05
sagen,2.98044E-05
charg,2.97288E-05
photograph,2.96861E-05
fight,2.96548E-05
approach,2.9641E-05
fulfil,2.96302E-05
cost,2.95866E-05
restless,2.95519E-05
ust,2.95392E-05
feat,2.95346E-05
begin,2.95155E-05
third,2.95114E-05
coffe,2.95111E-05
desir,2.94972E-05
view,2.94629E-05
perch√®,2.94616E-05
keepin,2.94333E-05
mark,2.94219E-05
mask,2.94214E-05
ii,2.94207E-05
disappear,2.94152E-05
dar,2.94029E-05
cherish,2.93989E-05
privat,2.93979E-05
geld,2.9396E-05
gown,2.93191E-05
partir,2.93043E-05
halfway,2.92891E-05
nose,2.9206E-05
ei,2.9205E-05
dieser,2.91991E-05
meinem,2.91943E-05
doctor,2.91806E-05
maim,2.91772E-05
attitud,2.91717E-05
allow,2.91425E-05
bitter,2.90222E-05
rhythm,2.89822E-05
bord,2.89752E-05
disguis,2.89744E-05
primera,2.89419E-05
sport,2.89401E-05
toy,2.8907E-05
heavi,2.88841E-05
pistol,2.88339E-05
estaba,2.88115E-05
chica,2.87967E-05
troi,2.87953E-05
error,2.87869E-05
ash,2.87687E-05
tribe,2.87625E-05
media,2.87571E-05
darkest,2.8753E-05
wooden,2.86901E-05
veri,2.86882E-05
journey,2.86784E-05
somo,2.86676E-05
alt,2.86613E-05
although,2.86535E-05
med,2.85987E-05
neue,2.85545E-05
steve,2.85483E-05
9,2.85207E-05
villag,2.84839E-05
meant,2.84706E-05
moral,2.84701E-05
seek,2.84509E-05
suicid,2.84481E-05
jo,2.84268E-05
via,2.84204E-05
ed,2.8381E-05
tenho,2.8368E-05
decid,2.83478E-05
worst,2.83423E-05
whenev,2.83389E-05
undon,2.83384E-05
bell,2.82885E-05
thin,2.82732E-05
dial,2.82671E-05
shoulda,2.82175E-05
descend,2.81993E-05
score,2.81921E-05
replac,2.81698E-05
sparkl,2.81499E-05
vega,2.81375E-05
court,2.8125E-05
chemic,2.81177E-05
dor,2.81097E-05
oper,2.81031E-05
saint,2.80767E-05
besser,2.80672E-05
fe,2.80436E-05
catch,2.80234E-05
beso,2.80179E-05
orlean,2.80165E-05
inna,2.80163E-05
deserv,2.80098E-05
threat,2.80012E-05
noon,2.79775E-05
maze,2.79645E-05
glow,2.79366E-05
noit,2.79322E-05
advic,2.79172E-05
crook,2.79039E-05
mash,2.78882E-05
feather,2.78622E-05
lou,2.78471E-05
rebel,2.78384E-05
fare,2.77624E-05
vos,2.77539E-05
dine,2.77491E-05
creo,2.77485E-05
shook,2.77223E-05
24,2.77002E-05
punish,2.77001E-05
nott,2.76704E-05
jamaica,2.76564E-05
ink,2.76477E-05
sunday,2.76243E-05
foreign,2.75958E-05
maiden,2.75911E-05
wirst,2.75681E-05
possess,2.75633E-05
coupl,2.7557E-05
werden,2.7555E-05
them,2.75364E-05
impress,2.75187E-05
ley,2.74684E-05
horn,2.74553E-05
scheme,2.74423E-05
stone,2.74134E-05
unit,2.73568E-05
violenc,2.73459E-05
tres,2.73244E-05
demand,2.73116E-05
nen,2.73093E-05
frighten,2.72952E-05
thick,2.72947E-05
pass√©,2.72759E-05
independ,2.72488E-05
suert,2.72428E-05
ugli,2.72427E-05
raison,2.72325E-05
h√°,2.72276E-05
erst,2.72239E-05
film,2.71908E-05
quer,2.71735E-05
sto,2.71701E-05
nightmar,2.71694E-05
temperatur,2.71507E-05
shakin,2.71302E-05
meat,2.71185E-05
can‚Äôt,2.70981E-05
trial,2.7067E-05
ahh,2.7048E-05
sign,2.7043E-05
bloodi,2.70098E-05
struggl,2.70097E-05
number,2.7006E-05
dot,2.70029E-05
honor,2.6996E-05
agora,2.69784E-05
alguna,2.69556E-05
anchor,2.69121E-05
attent,2.68844E-05
page,2.68589E-05
nuclear,2.68522E-05
travel,2.68094E-05
afternoon,2.67666E-05
whoo,2.67644E-05
dare,2.67528E-05
vil,2.67495E-05
bite,2.67336E-05
increas,2.67324E-05
missin,2.67281E-05
bond,2.66996E-05
bit,2.66993E-05
ob,2.66588E-05
extrem,2.6645E-05
farewel,2.65689E-05
wore,2.65402E-05
safe,2.64793E-05
sexual,2.64442E-05
vive,2.64179E-05
backward,2.64088E-05
ficar,2.63965E-05
depart,2.63538E-05
dure,2.63414E-05
voc√™,2.6338E-05
s√£o,2.6338E-05
fond,2.63198E-05
gris,2.63138E-05
lleva,2.62865E-05
virgin,2.6265E-05
vera,2.62289E-05
seein,2.62273E-05
surround,2.62232E-05
guarda,2.6192E-05
foolish,2.61591E-05
transform,2.60992E-05
achiev,2.60917E-05
file,2.60537E-05
mani,2.60468E-05
nossa,2.60147E-05
write,2.60079E-05
destroy,2.59831E-05
manag,2.59646E-05
toca,2.59255E-05
slick,2.59236E-05
mientra,2.59126E-05
pan,2.59078E-05
tick,2.58978E-05
warmth,2.58564E-05
dalla,2.57579E-05
kopf,2.57524E-05
pavement,2.57448E-05
fleet,2.5743E-05
ignor,2.57241E-05
against,2.57185E-05
tryna,2.57085E-05
teas,2.57056E-05
stink,2.57017E-05
solv,2.5701E-05
affect,2.56952E-05
tun,2.56952E-05
i‚Äôv,2.56838E-05
fix,2.56702E-05
blind,2.56656E-05
brand,2.56652E-05
bleibt,2.56417E-05
olvido,2.56293E-05
claro,2.5625E-05
order,2.56072E-05
photo,2.55632E-05
sympathi,2.55561E-05
relax,2.55313E-05
inde,2.55214E-05
border,2.55063E-05
among,2.54578E-05
nine,2.54554E-05
ego,2.54077E-05
pink,2.54058E-05
din,2.53391E-05
champion,2.53174E-05
llegar,2.53059E-05
attract,2.52996E-05
fora,2.52886E-05
noir,2.52633E-05
melhor,2.5263E-05
plot,2.52421E-05
knockin,2.52216E-05
bonito,2.52058E-05
bailar,2.5197E-05
pourtant,2.51608E-05
tax,2.51388E-05
rare,2.51334E-05
welcom,2.51247E-05
clever,2.50812E-05
product,2.50508E-05
demain,2.50363E-05
knive,2.5016E-05
strike,2.49909E-05
brave,2.49804E-05
imag,2.49758E-05
butterfli,2.49728E-05
peel,2.49367E-05
visit,2.49225E-05
fear,2.49019E-05
despit,2.48908E-05
tut,2.48396E-05
curl,2.48389E-05
devot,2.48258E-05
lucki,2.47338E-05
alreadi,2.47118E-05
tuyo,2.46726E-05
viva,2.46682E-05
dormir,2.46461E-05
abus,2.46337E-05
fou,2.46261E-05
birthday,2.45983E-05
willow,2.45949E-05
america,2.45816E-05
troppo,2.45705E-05
jim,2.45429E-05
polit,2.45172E-05
usa,2.45111E-05
√©l,2.44844E-05
piu,2.44838E-05
distanc,2.44719E-05
sleepless,2.44289E-05
unknown,2.44129E-05
sweep,2.44112E-05
alguien,2.43981E-05
awak,2.43913E-05
histori,2.43531E-05
sola,2.43489E-05
trace,2.43067E-05
from,2.42974E-05
tap,2.42763E-05
mina,2.42672E-05
rockin,2.42537E-05
lust,2.42485E-05
menschen,2.42296E-05
puro,2.41799E-05
dell,2.41596E-05
mondo,2.41303E-05
escuchar,2.41298E-05
knot,2.41084E-05
bom,2.40711E-05
piano,2.40691E-05
augen,2.40538E-05
pardon,2.40407E-05
serpent,2.40292E-05
tener,2.40267E-05
movi,2.40049E-05
peau,2.39935E-05
beg,2.39839E-05
dirt,2.39511E-05
habe,2.39458E-05
li,2.39204E-05
lhe,2.39199E-05
nail,2.38972E-05
feed,2.38802E-05
path,2.38764E-05
poni,2.38715E-05
poetri,2.38462E-05
fault,2.38165E-05
klein,2.38039E-05
birth,2.3789E-05
tambi√©n,2.37736E-05
collaps,2.37415E-05
motivo,2.37372E-05
parec,2.37361E-05
gloria,2.37326E-05
mess,2.37226E-05
read,2.37173E-05
hoje,2.37094E-05
stray,2.37076E-05
husband,2.36969E-05
toe,2.36814E-05
bonita,2.36803E-05
blanco,2.36566E-05
voll,2.36518E-05
vino,2.36144E-05
sharp,2.36056E-05
beau,2.36043E-05
30,2.35752E-05
fals,2.35696E-05
favourit,2.35342E-05
organ,2.35126E-05
lune,2.35098E-05
actual,2.35054E-05
aldrig,2.34962E-05
frozen,2.34868E-05
aura,2.34833E-05
jazz,2.34646E-05
bark,2.34611E-05
falta,2.34462E-05
lift,2.34157E-05
fazer,2.34131E-05
cadillac,2.3403E-05
sunset,2.33989E-05
explos,2.33806E-05
jeden,2.33425E-05
twelv,2.33118E-05
acid,2.33107E-05
cielo,2.33105E-05
asid,2.32968E-05
pasado,2.32667E-05
plug,2.32263E-05
charm,2.31891E-05
nient,2.31735E-05
appear,2.31593E-05
zur,2.31569E-05
oft,2.31435E-05
tie,2.31054E-05
vast,2.30986E-05
w,2.30193E-05
medio,2.30146E-05
slay,2.29781E-05
conscious,2.29327E-05
object,2.29219E-05
twist,2.29218E-05
ticket,2.28487E-05
possibl,2.28463E-05
facil,2.28442E-05
righteous,2.28311E-05
wolf,2.28064E-05
hotel,2.2781E-05
coin,2.27708E-05
dog,2.27703E-05
wonderin,2.27681E-05
torch,2.2765E-05
static,2.27548E-05
pile,2.27533E-05
pide,2.2732E-05
buen,2.27314E-05
breast,2.27293E-05
which,2.2703E-05
outta,2.26931E-05
jam√°,2.2693E-05
steht,2.26879E-05
cambio,2.26709E-05
owe,2.2667E-05
project,2.26547E-05
essenc,2.26536E-05
tempo,2.26445E-05
thorn,2.26329E-05
shade,2.26306E-05
quiz√°,2.25836E-05
spoon,2.25773E-05
grey,2.25554E-05
comprend,2.25505E-05
rude,2.25205E-05
frown,2.2515E-05
dash,2.25035E-05
centuri,2.24893E-05
rescu,2.24533E-05
entend,2.2443E-05
stai,2.24386E-05
num,2.23893E-05
pleur,2.22858E-05
opportun,2.22625E-05
sting,2.22375E-05
invit,2.222E-05
sang,2.22091E-05
lap,2.22047E-05
aah,2.21625E-05
dusti,2.21329E-05
perman,2.20952E-05
holi,2.20891E-05
raini,2.20423E-05
fuerza,2.20305E-05
dale,2.20045E-05
nois,2.19854E-05
cheap,2.19539E-05
politician,2.19347E-05
c√≥mo,2.19272E-05
thee,2.19171E-05
uhhuh,2.19036E-05
gar,2.1886E-05
placer,0.000021858
gl√ºck,2.18229E-05
histoir,2.18204E-05
slaughter,2.18092E-05
fiel,2.17863E-05
sale,2.17804E-05
inner,2.17541E-05
condit,2.17416E-05
smell,2.17326E-05
crawl,2.17139E-05
alto,2.16916E-05
m√≠o,2.16755E-05
sever,2.16622E-05
incred,2.16444E-05
civil,2.16234E-05
mamma,2.16084E-05
suppli,2.16009E-05
doy,2.1584E-05
voglio,2.15714E-05
fi,2.15618E-05
thru,2.15235E-05
argu,2.15179E-05
vine,2.14952E-05
bruis,2.14851E-05
jar,2.14768E-05
thirsti,2.14761E-05
awhil,2.1474E-05
busco,2.14489E-05
kinda,2.14196E-05
blank,2.13774E-05
ordinari,2.13334E-05
offic,2.13054E-05
yeh,2.12585E-05
viento,2.12092E-05
battl,2.11791E-05
spoke,2.11638E-05
sensat,2.11472E-05
oui,2.11472E-05
llena,2.11075E-05
commit,2.11067E-05
sch√∂n,2.11048E-05
discov,2.10953E-05
entonc,2.10719E-05
n√≥s,2.10704E-05
david,2.10453E-05
success,2.10404E-05
hollywood,2.10386E-05
emot,2.10306E-05
balanc,2.10267E-05
calor,2.1024E-05
spirit,2.09207E-05
map,2.09155E-05
kingdom,2.09124E-05
manera,2.08865E-05
chamber,2.08742E-05
i‚Äôll,2.08561E-05
sold,2.08312E-05
comput,2.08057E-05
paper,2.08042E-05
ship,2.08022E-05
thank,2.07833E-05
liquid,2.0773E-05
sinto,2.07641E-05
common,2.07557E-05
avoid,2.07304E-05
clown,2.07179E-05
sixteen,2.06841E-05
sentido,2.06606E-05
amanec,2.06536E-05
itself,2.06471E-05
sobr,2.06339E-05
fuert,2.06332E-05
rid,2.0626E-05
vem,2.05965E-05
bailando,2.05491E-05
center,2.0534E-05
bein,2.05261E-05
stretch,2.05237E-05
sweeter,2.05126E-05
100,2.05104E-05
tread,2.05096E-05
olvidar,2.05082E-05
fruit,2.04951E-05
poet,2.04881E-05
hesit,2.04762E-05
nena,2.04703E-05
pleasur,2.0469E-05
suppos,2.04662E-05
yi,2.04518E-05
ahi,2.04468E-05
bucket,2.0425E-05
treasur,2.04226E-05
couch,2.03961E-05
escapar,2.037E-05
short,2.03618E-05
lend,2.03469E-05
hun,2.03395E-05
unfold,2.03266E-05
grant,2.03034E-05
conoc,2.03003E-05
andar,2.02939E-05
f√°cil,2.02702E-05
nu,2.02688E-05
gotten,2.02585E-05
rearrang,2.02409E-05
invad,2.02295E-05
deceiv,2.02243E-05
realis,2.02208E-05
upsid,2.02095E-05
acabar,2.02089E-05
yonder,2.01858E-05
resurrect,2.01848E-05
courag,2.01844E-05
model,2.01799E-05
sogni,2.01776E-05
ello,2.01381E-05
ikk,2.01023E-05
n√•r,2.01023E-05
culpa,2.0098E-05
vuelto,2.00924E-05
constant,2.00843E-05
chip,2.00834E-05
pal,2.00744E-05
scent,2.00735E-05
wail,2.00597E-05
habit,2.00404E-05
heartbeat,2.00362E-05
exact,2.00122E-05
realidad,2.00082E-05
velvet,1.99714E-05
nein,1.99662E-05
stock,1.99267E-05
ess,1.99221E-05
sou,1.99175E-05
pasar,1.98972E-05
starv,1.98924E-05
poison,1.98924E-05
contra,1.98908E-05
deg,1.98564E-05
waltz,1.98519E-05
nome,1.98424E-05
dancer,1.98277E-05
tough,1.98031E-05
layin,1.97592E-05
berlin,1.9731E-05
mere,1.97276E-05
alcohol,1.97176E-05
anyhow,1.97166E-05
judg,1.97063E-05
freund,1.96753E-05
june,1.96385E-05
flore,1.96285E-05
prais,1.95998E-05
keinen,1.95775E-05
union,1.95738E-05
tortur,1.95459E-05
sopra,1.95414E-05
asshol,1.94721E-05
id,1.94528E-05
hill,1.94167E-05
esquina,1.94034E-05
almighti,1.93987E-05
bloom,1.93663E-05
music,1.93654E-05
bella,1.93576E-05
ohhhh,1.93537E-05
filthi,1.93452E-05
serv,1.93395E-05
chair,1.93345E-05
bath,1.93139E-05
raven,1.93118E-05
later,1.93115E-05
sient,1.93096E-05
armi,1.93052E-05
templ,1.92779E-05
shark,1.92633E-05
luna,1.9262E-05
shave,1.92611E-05
grain,1.92603E-05
horizon,1.92526E-05
cannot,1.92227E-05
solut,1.91438E-05
ohhh,1.9139E-05
soll,1.91382E-05
astray,1.90973E-05
comin,1.90592E-05
generat,1.90566E-05
yellow,1.90547E-05
voic,1.90277E-05
innoc,1.90071E-05
ate,1.89968E-05
complet,1.899E-05
hollow,1.89862E-05
camino,1.89709E-05
adesso,1.89699E-05
flown,1.89601E-05
bore,1.89558E-05
deeper,1.89302E-05
began,1.89265E-05
cualquier,1.89255E-05
niemal,1.89248E-05
mill,1.8907E-05
auto,1.88948E-05
unter,1.88617E-05
version,1.88296E-05
forti,1.88147E-05
pido,1.88114E-05
mood,1.88051E-05
gern,1.87877E-05
job,1.87819E-05
pole,1.87465E-05
dinner,1.87432E-05
vide,1.87155E-05
perdido,1.87014E-05
glove,1.86625E-05
yell,1.86419E-05
divin,1.86073E-05
bind,1.85972E-05
vacat,1.85954E-05
sem,1.85881E-05
march,1.85774E-05
valor,1.85663E-05
hero,1.8564E-05
boil,1.85416E-05
muy,1.85071E-05
funer,1.85046E-05
week,1.84917E-05
torn,1.84783E-05
angri,1.84482E-05
cherch,1.8435E-05
trunk,1.84254E-05
sentimiento,1.84191E-05
low,1.83935E-05
least,1.83931E-05
inch,1.83811E-05
passa,1.83759E-05
duel,1.8345E-05
empieza,1.83438E-05
toma,1.83047E-05
reveng,1.82867E-05
priest,1.82694E-05
older,1.82078E-05
dizzi,1.82073E-05
woo,1.81796E-05
muito,1.81682E-05
grown,1.81583E-05
spill,1.81405E-05
appreci,1.81401E-05
einem,1.81357E-05
probabl,1.81034E-05
usual,1.80404E-05
rejoic,1.80375E-05
grade,1.80275E-05
40,1.80214E-05
ow,1.80018E-05
jealousi,1.7986E-05
guest,1.79795E-05
aprend,1.7977E-05
mouth,1.79348E-05
feast,1.79346E-05
passer,1.79176E-05
matin,1.79165E-05
nom,1.78987E-05
seventeen,1.78859E-05
ll,1.78795E-05
palabra,1.78788E-05
earn,1.78571E-05
jail,1.78552E-05
conclus,1.78507E-05
swallow,1.78462E-05
op,1.7846E-05
c√®,1.78082E-05
rey,1.77475E-05
blut,1.77342E-05
ice,1.77106E-05
4x,1.76737E-05
avenu,1.76392E-05
entertain,1.76185E-05
sonrisa,1.76081E-05
alarm,1.75931E-05
encontrar,1.75494E-05
determin,1.75391E-05
secret,1.75338E-05
advanc,1.75292E-05
book,1.75023E-05
corrupt,1.74969E-05
gran,1.74932E-05
deliv,1.74898E-05
soledad,1.74856E-05
doll,1.7479E-05
nosotro,1.74697E-05
eterno,1.74655E-05
crucifi,1.74628E-05
problem,1.74626E-05
childhood,1.74254E-05
bam,1.74148E-05
limb,1.74142E-05
idiot,1.74011E-05
aw,1.73925E-05
spoil,1.73677E-05
presid,1.73676E-05
defens,1.7355E-05
complic,1.73202E-05
busca,1.72986E-05
logic,1.72851E-05
corr,0.00001727
lazi,1.72567E-05
kun,1.72533E-05
kuin,1.72533E-05
jos,1.72533E-05
olla,1.72533E-05
vaikka,1.72533E-05
hei,1.72533E-05
oli,1.72533E-05
wont,1.72409E-05
joe,1.72307E-05
jaw,1.71974E-05
√•,1.71943E-05
ner,1.71874E-05
twice,1.7171E-05
perch,1.7149E-05
m√≠,1.71121E-05
communic,1.70891E-05
sonn,1.70875E-05
reel,1.70792E-05
glisten,1.70775E-05
whom,1.70759E-05
social,1.70463E-05
mystic,1.70387E-05
blah,1.70302E-05
nei,1.6984E-05
sane,1.69714E-05
gee,1.69599E-05
pass,1.69584E-05
dimens,1.69531E-05
deepest,1.69318E-05
cousin,1.69285E-05
tutti,1.69253E-05
jingl,1.68933E-05
defi,1.6851E-05
provid,1.68342E-05
except,1.68199E-05
spiritu,1.6811E-05
secur,1.68037E-05
misma,1.677E-05
a√∫n,1.67653E-05
raz√≥n,1.67432E-05
odd,1.67315E-05
purpos,1.67217E-05
hippi,1.67166E-05
salt,1.67113E-05
himself,1.66896E-05
helpless,1.66823E-05
fiesta,1.6659E-05
llevo,1.66452E-05
genau,1.66257E-05
store,1.65997E-05
claus,1.6567E-05
qual,1.6561E-05
sombra,1.65486E-05
michael,1.65266E-05
lawn,1.65257E-05
valu,1.65184E-05
diz,1.65134E-05
sar√†,1.65079E-05
womb,1.65038E-05
pattern,1.64747E-05
rape,1.64733E-05
collect,1.64586E-05
ainda,1.6458E-05
creation,1.64561E-05
clone,1.64526E-05
sunris,1.64469E-05
spanish,1.64299E-05
hopeless,1.64269E-05
radio,1.64265E-05
thou,1.64213E-05
fifteen,1.6417E-05
sido,1.64152E-05
succeed,1.64063E-05
display,1.64024E-05
paura,1.63778E-05
downtown,1.63569E-05
herz,1.63008E-05
nai,1.62942E-05
santa,1.6277E-05
veil,1.62442E-05
vela,1.62424E-05
seam,1.62392E-05
ando,1.62358E-05
x3,1.62282E-05
consum,1.61627E-05
jet,1.61561E-05
amart,1.61385E-05
ana,1.61385E-05
pudiera,1.61385E-05
dam,1.61368E-05
pronto,1.61346E-05
suo,1.61268E-05
clutch,1.61121E-05
shoot,1.61012E-05
load,1.60955E-05
dort,1.60952E-05
guarante,1.60836E-05
adio,1.6058E-05
exit,1.59856E-05
hin,1.59829E-05
chart,1.59689E-05
bleib,1.59688E-05
insiem,1.59615E-05
cosmic,1.59447E-05
pum,1.59439E-05
swept,1.59426E-05
sour,1.59099E-05
caso,1.59003E-05
shini,1.58764E-05
small,1.5875E-05
tief,1.58688E-05
capit,1.58569E-05
hurrican,1.58513E-05
¬øqu√©,1.58421E-05
finest,1.58302E-05
merri,1.57813E-05
wer,1.57708E-05
hai,1.57692E-05
m√∫sica,1.57667E-05
wipe,1.5692E-05
knife,1.56911E-05
d√≠as,1.56846E-05
silenc,1.56721E-05
vuelv,1.56642E-05
blade,1.56521E-05
age,1.56382E-05
eight,1.56316E-05
scale,1.56111E-05
liquor,1.55839E-05
corp,1.55828E-05
vraiment,1.55813E-05
tienen,1.55748E-05
wisdom,1.55697E-05
heartbreak,1.55423E-05
vet,1.55315E-05
worship,1.55013E-05
voix,1.54988E-05
mami,1.54748E-05
steadi,1.54701E-05
clay,1.54578E-05
sneak,1.54501E-05
blossom,1.54463E-05
lamor,1.5438E-05
gehn,1.54334E-05
panic,1.54315E-05
noos,1.54124E-05
firm,1.54071E-05
ingen,1.54031E-05
powder,1.53907E-05
pasi√≥n,1.53881E-05
cuento,1.53659E-05
alegr√≠a,1.53652E-05
miracl,1.53597E-05
revers,1.53585E-05
oclock,1.53006E-05
headlight,1.52698E-05
tambien,1.52625E-05
correr,1.52331E-05
nana,1.52294E-05
nerv,1.52175E-05
explor,1.52035E-05
pocket,1.51788E-05
sugar,1.51322E-05
latest,1.51097E-05
encuentro,1.51001E-05
adventur,1.50987E-05
bla,1.50693E-05
junki,1.50665E-05
william,1.50501E-05
palm,1.50457E-05
silencio,1.50413E-05
jealous,1.50394E-05
saniti,1.50394E-05
frei,1.50351E-05
meer,1.50143E-05
joue,1.49861E-05
pitch,1.49808E-05
savoir,1.49756E-05
ave,1.49631E-05
shelf,1.4948E-05
ember,1.49352E-05
woke,1.49319E-05
bride,1.49083E-05
tension,1.4877E-05
process,1.48692E-05
sig,1.48656E-05
motiv,1.48583E-05
venom,1.48496E-05
reput,1.48467E-05
admit,1.47943E-05
trend,1.47936E-05
mention,1.47906E-05
sip,1.47775E-05
13,1.47527E-05
insect,1.47361E-05
messin,1.47321E-05
needl,1.47278E-05
blond,1.46715E-05
row,1.46631E-05
volar,1.46599E-05
infinit,1.46565E-05
vengeanc,1.46539E-05
grass,1.46248E-05
lower,1.46187E-05
fit,1.46057E-05
dizer,1.45982E-05
preciso,1.45959E-05
vita,1.45871E-05
tower,1.4577E-05
reject,1.45275E-05
rome,1.45234E-05
term,1.45201E-05
cute,1.45068E-05
tool,1.45061E-05
ahhh,1.45047E-05
bedroom,1.44937E-05
perder,1.44852E-05
dive,1.4483E-05
memoria,1.44817E-05
unto,1.44669E-05
disagre,1.4461E-05
toast,1.4439E-05
breez,1.44318E-05
buscar,1.44078E-05
nervous,1.43911E-05
revel,1.43813E-05
noel,1.4368E-05
christian,1.43602E-05
loser,1.43213E-05
cancion,1.43167E-05
disappoint,1.43112E-05
surf,1.42986E-05
hunger,1.42966E-05
closet,1.42907E-05
receiv,1.42894E-05
corps,1.42866E-05
aha,1.42461E-05
hunt,1.42424E-05
vote,1.42282E-05
pave,1.42213E-05
demis,1.42163E-05
flicker,1.42157E-05
malo,1.42128E-05
curtain,1.42084E-05
q,1.42053E-05
harri,1.4199E-05
phantom,1.41898E-05
empir,1.41822E-05
sheet,1.41698E-05
daze,1.41415E-05
illumin,1.41223E-05
halt,1.41185E-05
invis,1.41115E-05
vicious,1.41025E-05
griev,1.40955E-05
etwa,1.40903E-05
chew,1.40766E-05
louder,1.40719E-05
coffin,1.40694E-05
motion,1.40682E-05
appl,1.40613E-05
dif√≠cil,1.40489E-05
gleam,1.40196E-05
concern,1.40085E-05
hurtin,1.40082E-05
unreal,1.39952E-05
olvid,1.3945E-05
tone,1.3942E-05
espero,1.39249E-05
spin,1.39165E-05
amar,1.38815E-05
posso,1.38272E-05
six,1.38073E-05
recuerdo,1.37809E-05
puzzl,1.37721E-05
flash,1.37641E-05
tod,1.37568E-05
greed,1.37337E-05
wirklich,1.37326E-05
lurk,1.37307E-05
core,1.37197E-05
anybodi,1.36866E-05
einmal,1.36552E-05
some,1.36397E-05
mare,1.36371E-05
drew,1.3635E-05
champagn,1.36213E-05
idl,1.36203E-05
phase,1.36082E-05
attempt,1.35908E-05
manchmal,1.35886E-05
0,1.35783E-05
mire,1.35738E-05
lipstick,1.3555E-05
outra,1.35208E-05
crippl,1.35181E-05
everywher,1.35037E-05
highest,1.35006E-05
greater,1.34819E-05
ditch,1.34815E-05
esser,1.34793E-05
graveyard,1.34751E-05
stomp,1.34735E-05
bunch,1.34655E-05
altro,1.34574E-05
brighter,1.34333E-05
skin,1.34274E-05
intens,1.34193E-05
friendship,1.34165E-05
disturb,1.33898E-05
boyfriend,1.33893E-05
qui√©n,1.33844E-05
link,1.33785E-05
hart,1.33615E-05
unabl,1.33506E-05
kalt,1.33388E-05
neighborhood,1.33278E-05
lesson,1.33201E-05
teen,1.33139E-05
mistaken,1.32868E-05
don‚Äôt,1.32798E-05
wilder,1.32537E-05
awar,1.32431E-05
quedo,1.32248E-05
plant,1.32218E-05
ang,1.32186E-05
pueda,1.31938E-05
contact,1.31793E-05
sinner,1.31737E-05
hatr,1.31653E-05
minuto,1.31574E-05
miedo,1.31565E-05
squar,1.31559E-05
glide,1.31332E-05
richard,1.3132E-05
background,1.30837E-05
soil,1.30476E-05
societi,1.30217E-05
dug,1.30095E-05
saben,1.29889E-05
dwell,1.2982E-05
voce,1.29795E-05
threaten,1.29475E-05
horror,1.29402E-05
whirl,1.29096E-05
sober,1.29058E-05
sue√±o,1.28964E-05
teeth,1.2892E-05
condemn,1.28745E-05
rio,1.28574E-05
cuor,1.28547E-05
outer,1.28497E-05
d√°,1.28489E-05
smash,1.28236E-05
ayer,1.28157E-05
junto,1.28026E-05
carv,1.28017E-05
etc,1.28004E-05
st√•r,1.27924E-05
assum,1.27864E-05
fragment,1.27809E-05
harvest,1.27582E-05
orang,1.27458E-05
vou,1.27362E-05
unwind,1.27222E-05
bu,1.27199E-05
shot,1.27002E-05
crystal,1.2688E-05
chees,1.26826E-05
glitter,1.268E-05
friday,1.26172E-05
tend,1.26157E-05
cree,1.26125E-05
segundo,1.25987E-05
actor,1.25986E-05
pipe,1.25935E-05
chase,1.25847E-05
rate,1.25586E-05
quarter,1.25189E-05
axe,1.25188E-05
pela,1.25105E-05
distant,1.25004E-05
tame,1.24965E-05
cose,1.24878E-05
remors,1.2472E-05
caer,1.24705E-05
buri,1.24615E-05
rider,1.24582E-05
rave,1.24511E-05
wound,1.2443E-05
earli,1.24419E-05
wild,1.24402E-05
justifi,1.24387E-05
ko,1.24148E-05
slam,1.24039E-05
dragon,1.23809E-05
disast,1.23771E-05
vampir,1.23569E-05
pueblo,1.23533E-05
soak,1.23238E-05
messiah,1.23191E-05
pant,1.23142E-05
salvat,1.23139E-05
fuel,1.22657E-05
cabeza,1.22608E-05
further,1.2249E-05
tenemo,1.22448E-05
penso,1.22394E-05
health,1.2235E-05
legal,1.22183E-05
tabl,1.22023E-05
keeper,1.21847E-05
ra,1.21714E-05
libertad,1.21477E-05
taxi,1.2117E-05
pr√®s,1.20985E-05
booz,1.20892E-05
don√¢¬Ä¬ôt,1.20888E-05
knight,1.20827E-05
fountain,1.20814E-05
obvious,1.20741E-05
cristal,1.20661E-05
coro,1.20611E-05
strength,1.20595E-05
rabbit,1.20582E-05
quieren,1.20527E-05
themselv,1.20334E-05
gi√†,1.20101E-05
volt,1.20084E-05
doin,1.20035E-05
satan,1.1949E-05
pollut,1.19401E-05
rotten,1.19319E-05
daydream,1.19127E-05
tom,1.18782E-05
fighter,1.18741E-05
anticip,1.1847E-05
captur,1.18337E-05
patienc,1.18313E-05
enjoy,1.18165E-05
jugar,1.18086E-05
at√©,1.17906E-05
allah,1.17735E-05
legend,1.17623E-05
workin,1.1755E-05
dedo,1.17404E-05
all√°,1.17385E-05
colour,1.17223E-05
studi,1.17062E-05
strive,1.16858E-05
pensando,1.16528E-05
emerg,1.16391E-05
asi,1.16156E-05
we‚Äôr,1.16132E-05
rein,1.15901E-05
bridg,1.15892E-05
elvi,1.15748E-05
web,1.15726E-05
biggest,1.15659E-05
stereo,1.15658E-05
invent,1.15621E-05
within,1.15557E-05
cruis,1.15536E-05
ecstasi,1.15425E-05
chemin,1.15382E-05
shallow,1.15023E-05
cuanto,1.15018E-05
vagu,1.14564E-05
compass,1.14245E-05
runaway,1.14226E-05
pearl,1.13998E-05
st,1.13787E-05
strada,1.13695E-05
ceas,1.13608E-05
queria,1.13568E-05
branch,1.13255E-05
awaken,1.13225E-05
lee,1.13141E-05
deni,1.13026E-05
obscur,1.12921E-05
speech,1.12525E-05
opinion,1.12442E-05
apolog,1.12301E-05
dabei,1.12298E-05
cope,1.12141E-05
cancer,1.12105E-05
ceil,1.12085E-05
nothin,1.11852E-05
estc,1.11837E-05
ali,1.11707E-05
dove,1.11634E-05
qued,1.11571E-05
hole,1.11393E-05
fleur,1.11345E-05
milk,1.11324E-05
deed,1.11186E-05
thrown,1.11182E-05
nickel,1.11141E-05
concentr,1.10932E-05
depth,1.10577E-05
cure,1.10225E-05
canci√≥n,1.10154E-05
throughout,1.09864E-05
led,1.09864E-05
passo,1.09844E-05
butter,1.09759E-05
solament,1.09666E-05
starri,1.09578E-05
prove,1.09361E-05
sow,1.09352E-05
circus,1.09238E-05
flaw,1.09202E-05
appeal,1.09155E-05
tragedi,1.08969E-05
hi,1.0873E-05
corazon,1.08696E-05
impos,1.08392E-05
bee,1.08264E-05
fuera,1.08228E-05
leg,1.08002E-05
obsess,1.07918E-05
√¥,1.07898E-05
satisfact,1.07561E-05
frank,1.07496E-05
doigt,1.07313E-05
nor,1.07232E-05
hunter,1.0701E-05
itch,1.06869E-05
rust,1.06665E-05
cherri,1.06503E-05
golp,1.06416E-05
whine,1.06201E-05
wrath,1.06153E-05
billion,1.05972E-05
thumb,1.05891E-05
shatter,1.05803E-05
leak,1.05769E-05
asham,1.05575E-05
sooner,1.05209E-05
lace,1.05082E-05
pet,1.0491E-05
request,1.04763E-05
mer,1.04481E-05
leather,1.04456E-05
empezar,1.04428E-05
beaten,1.04213E-05
esperando,1.04211E-05
contar,1.04043E-05
race,1.04026E-05
indian,1.03994E-05
jaurai,1.03709E-05
lullabi,1.03704E-05
skirt,1.03644E-05
stronger,1.03584E-05
anytim,1.03535E-05
thirti,1.03297E-05
tempt,1.03211E-05
¬ñ,1.03186E-05
root,1.03091E-05
iba,1.0238E-05
cast,1.02351E-05
quis,1.02348E-05
worm,1.02252E-05
r,1.02246E-05
translat,1.02197E-05
driver,1.01832E-05
worthless,1.01816E-05
gott,1.01736E-05
standard,1.01434E-05
twenti,1.01236E-05
cuatro,1.00932E-05
blanket,1.00928E-05
strung,1.00874E-05
spi,1.00684E-05
jede,1.0054E-05
intern,1.00527E-05
ano,1.00421E-05
captain,1.00397E-05
judgement,1.00152E-05
pedir,1.00117E-05
vultur,1.00094E-05
flor,1.0005E-05
dom,9.99974E-06
assim,9.98583E-06
creator,9.97023E-06
stadt,9.97018E-06
structur,9.95868E-06
ultim,9.93622E-06
weit,9.93299E-06
london,9.89135E-06
ty,9.88828E-06
gift,9.88278E-06
joke,9.87578E-06
inject,9.87442E-06
romant,9.84534E-06
credit,9.83766E-06
confess,9.83742E-06
bello,9.82166E-06
pluie,9.77998E-06
reaction,9.76454E-06
disconnect,9.73746E-06
niemand,9.73738E-06
terra,9.73136E-06
heed,9.72218E-06
sento,9.72079E-06
belt,9.71082E-06
decad,9.70389E-06
deck,9.70333E-06
western,9.68527E-06
selfish,9.66758E-06
televis,9.66353E-06
stall,9.58234E-06
work,9.58102E-06
mek,9.57121E-06
burnt,9.56533E-06
voodoo,9.55928E-06
radiat,9.53275E-06
dai,9.52381E-06
fuori,9.52381E-06
bold,9.51884E-06
senseless,9.50456E-06
bill,9.49952E-06
nun,9.49021E-06
skinni,9.48994E-06
stole,9.48809E-06
goal,9.48251E-06
paul,9.47718E-06
aun,9.47343E-06
uptown,9.47155E-06
deus,9.45775E-06
pouco,9.45775E-06
scatter,9.44985E-06
cor,9.44946E-06
slept,9.4355E-06
lucif,9.43485E-06
bleed,9.4191E-06
alibi,9.41753E-06
thigh,9.41512E-06
fallen,9.40465E-06
allein,9.39353E-06
flee,9.39166E-06
lai,9.39114E-06
defend,9.38998E-06
remov,9.37856E-06
despis,9.36616E-06
cu,9.35092E-06
est√©,9.34157E-06
leau,9.335E-06
notion,9.32833E-06
shirt,9.2898E-06
nake,9.28468E-06
entir,9.28087E-06
colleg,9.27506E-06
great,9.25877E-06
reckless,9.25503E-06
strain,9.25481E-06
pair,9.20772E-06
featur,9.19764E-06
mister,9.19227E-06
risa,9.17661E-06
rumor,9.16705E-06
cook,9.16088E-06
wah,9.15382E-06
muer,9.15093E-06
locura,9.10699E-06
cocain,9.09089E-06
same,9.08606E-06
bathroom,9.07941E-06
divid,9.07695E-06
parad,9.07348E-06
vieux,9.0684E-06
onto,9.00062E-06
senti,8.99676E-06
dew,8.99319E-06
hound,8.98916E-06
lontano,8.98855E-06
dread,8.95929E-06
prevail,8.95497E-06
someth,8.9527E-06
ive,8.94174E-06
collar,8.94067E-06
overcom,8.93699E-06
scar,8.91892E-06
sotto,8.8955E-06
tank,8.89009E-06
dreamer,8.884E-06
ear,8.88295E-06
sleigh,8.86041E-06
brush,8.85992E-06
lyin,8.85956E-06
bare,8.85921E-06
haga,8.84627E-06
altar,8.83341E-06
souvenir,8.81708E-06
warum,8.80983E-06
trigger,8.80327E-06
m√£o,8.7858E-06
sunlight,8.76972E-06
delight,8.76505E-06
sehr,8.76387E-06
english,8.76031E-06
angst,8.75051E-06
espejo,8.74305E-06
liegt,8.72886E-06
admir,8.67411E-06
abl,8.66124E-06
trumpet,8.64844E-06
anger,8.59796E-06
amongst,8.58411E-06
servant,8.54731E-06
match,8.54677E-06
mankind,8.53333E-06
cora√ß√£o,8.5122E-06
barrel,8.50171E-06
prepar,8.49049E-06
patient,8.45364E-06
twin,8.45049E-06
garbag,8.42986E-06
smart,8.422E-06
creer,8.38395E-06
weigh,8.38261E-06
name,8.37875E-06
disgrac,8.37867E-06
electr,8.35957E-06
piec,8.32175E-06
confid,8.31708E-06
about,8.3167E-06
genocid,8.29608E-06
repent,8.29564E-06
hombr,8.27874E-06
yah,8.27793E-06
eagl,8.26392E-06
paralyz,8.26015E-06
dado,8.2577E-06
grate,8.25713E-06
evri,8.25508E-06
dish,8.25061E-06
rout,8.24172E-06
c√©u,8.23859E-06
mig,8.21253E-06
depend,8.18785E-06
behold,8.18502E-06
hangin,8.17622E-06
tale,8.17212E-06
nuh,8.166E-06
willi,8.15197E-06
labio,8.14422E-06
seal,8.14182E-06
favor,8.12614E-06
mim,8.12612E-06
estou,8.12612E-06
demasiado,8.11227E-06
morgen,8.11169E-06
absenc,8.10767E-06
fingertip,8.10767E-06
corpor,8.09788E-06
add,8.07582E-06
jag,8.0572E-06
basement,8.02972E-06
darker,8.02755E-06
gaze,8.02397E-06
furi,8.02157E-06
witch,8.01793E-06
honest,7.99153E-06
ilusi√≥n,7.9868E-06
lunch,7.98416E-06
pueden,7.9564E-06
suitcas,7.95375E-06
kissin,7.94497E-06
search,7.94192E-06
grace,7.93688E-06
pu√≤,7.91014E-06
despu,7.90607E-06
automat,7.90289E-06
llora,7.89575E-06
illus,7.88623E-06
assur,7.84818E-06
shift,7.84579E-06
beggin,7.84052E-06
vuelta,7.83534E-06
carn,7.83208E-06
sere,7.81301E-06
trash,7.80195E-06
dimmi,7.78342E-06
forest,7.78169E-06
piensa,7.77916E-06
forward,7.77459E-06
skate,7.75813E-06
sum,7.75686E-06
date,7.73221E-06
excus,7.72435E-06
aid,7.70318E-06
sentiment,7.70275E-06
tai,7.69778E-06
bliss,7.69271E-06
tocar,7.66354E-06
enchant,7.63505E-06
cos√¨,7.6238E-06
partner,7.62123E-06
gef√ºhl,7.61505E-06
foundat,7.60796E-06
declar,7.5725E-06
manipul,7.57183E-06
blir,7.57101E-06
hablar,7.5579E-06
septemb,7.55235E-06
freeway,7.54921E-06
remedi,7.53413E-06
despair,7.51705E-06
medicin,7.47969E-06
anna,7.47601E-06
regga,7.47161E-06
puppet,7.46178E-06
dije,7.45854E-06
swell,7.45541E-06
lala,7.40792E-06
blick,7.40544E-06
evolut,7.39934E-06
isso,7.39773E-06
leaf,7.36193E-06
siehst,7.3571E-06
vete,7.34751E-06
robin,7.3391E-06
declin,7.32919E-06
ref,7.32601E-06
shes,7.3163E-06
bah,7.29203E-06
accus,7.28581E-06
liberti,7.28112E-06
gas,7.27655E-06
haar,7.25818E-06
hopin,7.24106E-06
ignit,7.22008E-06
conceal,7.21696E-06
bid,7.21619E-06
vuelva,7.21501E-06
razon,7.21501E-06
pasion,7.21501E-06
effort,7.20342E-06
leap,7.2029E-06
motor,7.19023E-06
luce,7.15511E-06
mutil,7.15484E-06
bar,7.15146E-06
foto,7.1266E-06
arrang,7.11708E-06
compar,7.10776E-06
vorbei,7.10732E-06
penni,7.09991E-06
sock,7.09209E-06
truli,7.08827E-06
linda,7.0811E-06
mmmm,7.07018E-06
arena,7.05482E-06
overflow,7.04188E-06
death,7.03644E-06
soar,7.02547E-06
deepli,6.99532E-06
uniti,6.98443E-06
spiral,6.98183E-06
ojo,6.97604E-06
nuestro,6.96413E-06
ador,6.94555E-06
saturday,6.93773E-06
fim,6.92137E-06
medo,6.92137E-06
saudad,6.92137E-06
demai,6.92137E-06
glanc,6.89986E-06
vuela,6.89964E-06
everyth,6.86632E-06
role,6.86624E-06
voit,6.85673E-06
taint,6.85168E-06
wretch,6.84182E-06
hospit,6.82719E-06
rag,6.81267E-06
hizo,6.80648E-06
kneel,6.80435E-06
luci,6.77071E-06
nube,6.76407E-06
var,6.75156E-06
season,6.74216E-06
familiar,6.72703E-06
herself,6.71839E-06
silk,6.71411E-06
compromis,6.70822E-06
measur,6.69586E-06
ye,6.68817E-06
foe,6.68757E-06
medic,6.68702E-06
miser,6.68673E-06
decis,6.68138E-06
darken,6.6769E-06
mist,6.67488E-06
l√°,6.66933E-06
presenc,6.66671E-06
fought,6.66375E-06
clue,6.65797E-06
deje,6.64299E-06
ideal,6.63156E-06
adam,6.63139E-06
insecur,6.62707E-06
ness,6.62048E-06
prefer,6.61952E-06
parasit,6.61636E-06
stench,6.61488E-06
propheci,6.61029E-06
sailor,6.5998E-06
6,6.5953E-06
futur,6.59401E-06
caress,6.57462E-06
escond,6.56826E-06
mari,6.56673E-06
oblivion,6.56354E-06
general,6.56195E-06
seven,6.54851E-06
herida,6.54655E-06
galaxi,6.52546E-06
balloon,6.52212E-06
nuestra,6.50234E-06
shepherd,6.49749E-06
walkin,6.48239E-06
consid,6.47875E-06
kommer,6.46602E-06
traffic,6.454E-06
monster,6.42641E-06
sorriso,6.42287E-06
apathi,6.39406E-06
cambiar,6.38343E-06
channel,6.37736E-06
frame,6.37544E-06
present,6.36306E-06
movement,6.35755E-06
gib,6.33839E-06
leve,6.33753E-06
leva,6.33232E-06
gesicht,6.33099E-06
devour,6.32757E-06
alien,6.31375E-06
blister,6.30876E-06
halo,6.30853E-06
button,6.29224E-06
recordar,6.2852E-06
expos,6.28084E-06
adi√≥,6.27857E-06
glorious,6.27767E-06
beach,6.26891E-06
torment,6.26566E-06
vara,6.26566E-06
adentro,6.26566E-06
mourn,6.25496E-06
gray,6.24262E-06
chin,6.2292E-06
sole,6.22621E-06
confront,6.21844E-06
sed,6.20865E-06
giorno,6.20191E-06
choke,6.19671E-06
spinnin,6.19384E-06
factori,6.19091E-06
sull,6.16827E-06
negra,6.16352E-06
anni,6.14728E-06
guerra,6.13099E-06
vanish,6.1306E-06
somethin,6.11989E-06
demon,6.11812E-06
claim,6.09526E-06
weird,6.09371E-06
thi,6.09126E-06
cafe,6.08753E-06
sack,6.08628E-06
vein,6.08524E-06
c¬úur,6.08486E-06
bi,6.07544E-06
dull,6.04958E-06
carpet,6.01566E-06
thiev,5.99801E-06
acaba,5.9859E-06
author,5.96576E-06
ent√£o,5.92277E-06
servic,5.89661E-06
contain,5.88471E-06
addict,5.87591E-06
rattl,5.86415E-06
forgiven,5.8509E-06
accid,5.84384E-06
aquella,5.8437E-06
meal,5.8378E-06
cansado,5.83618E-06
guard,5.83589E-06
slight,5.82656E-06
feliz,5.82077E-06
behav,5.80459E-06
i√¢¬Ä¬ôm,5.76538E-06
oon,5.7618E-06
amus,5.75497E-06
execut,5.74636E-06
lento,5.74028E-06
beckon,5.7327E-06
disgust,5.7199E-06
forsak,5.71954E-06
celebr,5.69895E-06
teacher,5.69499E-06
excit,5.69482E-06
steer,5.64078E-06
z,5.62432E-06
belief,5.61545E-06
wink,5.61255E-06
robe,5.6022E-06
case,5.5941E-06
hmm,5.57411E-06
monday,5.56234E-06
it√¢¬Ä¬ô,5.55569E-06
breakfast,5.53127E-06
joli,5.53022E-06
lalala,5.52425E-06
leer,5.52351E-06
rob,5.52285E-06
consequ,5.51595E-06
imposs,5.48773E-06
concret,5.483E-06
aboard,5.47513E-06
drain,5.46672E-06
dyin,5.46174E-06
dulc,5.45884E-06
paid,5.45056E-06
hypocrit,5.4325E-06
immort,5.40465E-06
palac,5.38354E-06
coraz,5.3795E-06
fate,5.37859E-06
venir,5.36532E-06
pane,5.35419E-06
symbol,5.35295E-06
faster,5.34873E-06
coisa,5.33846E-06
nosso,5.33846E-06
madrugada,5.33846E-06
younger,5.32842E-06
so√±ar,5.32579E-06
boulevard,5.32161E-06
uniform,5.31797E-06
ritual,5.31562E-06
flock,5.30017E-06
educ,5.29175E-06
hon,5.28351E-06
olho,5.26759E-06
guardo,5.26759E-06
rua,5.26759E-06
preach,5.25452E-06
romeo,5.24439E-06
swift,5.2429E-06
misti,5.23823E-06
dart,5.22482E-06
om,5.22139E-06
meg,5.22139E-06
livet,5.22139E-06
primavera,5.20267E-06
15,5.19214E-06
fragil,5.15658E-06
women,5.14948E-06
maid,5.13413E-06
pit,5.121E-06
blacken,5.09534E-06
screen,5.05852E-06
seel,5.0551E-06
toss,5.04121E-06
breakdown,5.03868E-06
vaniti,5.01477E-06
sword,4.99712E-06
grin,4.97922E-06
caricia,4.96752E-06
respirar,4.96162E-06
igen,4.96032E-06
liv,4.96032E-06
bled,4.9542E-06
llevar,4.95147E-06
ourselv,4.92509E-06
weh,4.91932E-06
fright,4.91411E-06
tellin,4.88683E-06
fors,4.87769E-06
wei√üt,4.8664E-06
shi,4.85773E-06
wort,4.83933E-06
holdin,4.83895E-06
cent,4.81829E-06
perhap,4.81381E-06
best,4.79506E-06
redeem,4.78103E-06
anguish,4.78103E-06
frost,4.77504E-06
paranoia,4.77221E-06
searchin,4.76152E-06
duck,4.73989E-06
local,4.73896E-06
pe,4.7335E-06
melt,4.70443E-06
roar,4.70212E-06
valentin,4.69039E-06
guilt,4.68589E-06
thirst,4.66602E-06
l√°grima,4.6503E-06
penetr,4.6409E-06
idea,4.63168E-06
reign,4.6312E-06
ben,4.61973E-06
whose,4.58166E-06
market,4.56676E-06
winner,4.56385E-06
suffer,4.54676E-06
wage,4.54461E-06
scarlet,4.5438E-06
dusk,4.52201E-06
batter,4.51472E-06
one,4.51438E-06
satellit,4.50683E-06
rosi,4.50426E-06
puls,4.48646E-06
hacen,4.47547E-06
teach,4.44546E-06
alegr,4.44208E-06
perdida,4.44208E-06
pierdo,4.44208E-06
breed,4.43636E-06
toward,4.43414E-06
carol,4.43388E-06
cotton,4.43215E-06
frustrat,4.43069E-06
throne,4.42826E-06
unhappi,4.41791E-06
none,4.41156E-06
north,4.40815E-06
s√≠,4.40326E-06
scum,4.40294E-06
suffoc,4.39711E-06
sogno,4.3929E-06
harm,4.36523E-06
canta,4.3448E-06
mm,4.33511E-06
jou,4.31332E-06
sew,4.30977E-06
religion,4.287E-06
seiz,4.2682E-06
wealth,4.25215E-06
boot,4.23592E-06
thief,4.23127E-06
tattoo,4.20946E-06
silhouett,4.19913E-06
traum,4.19182E-06
wee,4.19182E-06
curious,4.19182E-06
you‚Äôr,4.18816E-06
muev,4.17711E-06
llanto,4.17711E-06
i`m,4.1625E-06
jive,4.14895E-06
idol,4.14246E-06
occhi,4.1336E-06
meaningless,4.1193E-06
solid,4.11517E-06
miro,4.10509E-06
sufrir,4.10509E-06
grito,4.10509E-06
repli,4.0951E-06
roof,4.07952E-06
necesito,4.07697E-06
easili,4.07568E-06
tunnel,4.07264E-06
digniti,4.06836E-06
shotgun,4.06408E-06
ar,4.06306E-06
algu√©m,4.06306E-06
gritar,4.06306E-06
denial,4.06237E-06
mitt,4.05177E-06
infin,4.05145E-06
slice,4.05128E-06
respons,4.04111E-06
stitch,4.03557E-06
seren,4.03491E-06
sacr,4.00213E-06
fest,3.99752E-06
casi,3.95507E-06
co,3.9527E-06
siren,3.95215E-06
observ,3.95165E-06
destin,3.94911E-06
knowin,3.94818E-06
scorn,3.94418E-06
rubber,3.93527E-06
oppress,3.93212E-06
faint,3.8906E-06
lit,3.85689E-06
gasolin,3.8508E-06
neat,3.83528E-06
unawar,3.82679E-06
voyag,3.81058E-06
plea,3.80412E-06
plan,3.80319E-06
begun,3.80147E-06
lamb,3.79416E-06
ancient,3.78655E-06
proclaim,3.77658E-06
crimson,3.77082E-06
maker,3.76405E-06
annihil,3.75545E-06
juli,3.7517E-06
sos,3.74238E-06
d√≥nde,3.7319E-06
carnav,3.7319E-06
wreck,3.72676E-06
oscuridad,3.722E-06
mall,3.70743E-06
ki,3.70038E-06
fr√≠o,3.69861E-06
ter,3.68568E-06
useless,3.67308E-06
ihm,3.663E-06
ala,3.64089E-06
roller,3.6295E-06
it‚Äô,3.61972E-06
atom,3.6163E-06
challeng,3.60926E-06
mellow,3.59667E-06
odio,3.57495E-06
gi,3.56941E-06
bob,3.55735E-06
arrow,3.55597E-06
circumst,3.55366E-06
zoo,3.55366E-06
shinin,3.54584E-06
shred,3.51133E-06
jade,3.50962E-06
infierno,3.50876E-06
bonni,3.50656E-06
endur,3.50167E-06
fascin,3.5014E-06
separ,3.49618E-06
reap,3.49492E-06
bent,3.48691E-06
inform,3.48669E-06
dejar,3.47078E-06
sacrific,3.47024E-06
comprehend,3.46837E-06
decemb,3.46589E-06
enslav,3.46049E-06
stalk,3.45648E-06
reliev,3.45136E-06
urg,3.44567E-06
grasp,3.4403E-06
abr,3.43077E-06
judgment,3.42868E-06
tranc,3.42602E-06
delus,3.42091E-06
deaf,3.41789E-06
virus,3.41544E-06
snake,3.40547E-06
complain,3.39894E-06
fuist,3.39167E-06
swore,3.39039E-06
lamp,3.38714E-06
debo,3.38203E-06
eras,3.37677E-06
fur,3.37341E-06
ruido,3.37245E-06
distress,3.36817E-06
gira,3.36148E-06
loss,3.36062E-06
honesti,3.35186E-06
nation,3.34487E-06
felicidad,3.33467E-06
deixa,3.33467E-06
tamb√©m,3.33467E-06
peter,3.32209E-06
brazo,3.29772E-06
tristeza,3.29772E-06
cari√±o,3.29772E-06
secreto,3.29772E-06
abandon,3.29155E-06
spoken,3.28929E-06
habr√°,3.28861E-06
insist,3.28861E-06
temptat,3.28335E-06
enamorado,3.27054E-06
morena,3.27054E-06
venus,3.26421E-06
rendezv,3.2535E-06
fatal,3.24568E-06
burnin,3.24536E-06
tuesday,3.23544E-06
entrar,3.23499E-06
ormai,3.23499E-06
virtu,3.23499E-06
relief,3.21941E-06
jama,3.20883E-06
brake,3.1998E-06
mortal,3.19682E-06
prey,3.19339E-06
sanctuari,3.19163E-06
savag,3.18721E-06
guitarra,3.1746E-06
stake,3.15587E-06
mad,3.15333E-06
inn,3.15298E-06
fuse,3.15008E-06
overwhelm,3.13904E-06
graviti,3.13801E-06
oil,3.12712E-06
dreamt,3.11605E-06
sore,3.11214E-06
greatest,3.10733E-06
mag,3.0525E-06
hail,3.04665E-06
vento,3.02151E-06
tuoi,3.02151E-06
eventu,3.01907E-06
freedom,2.98305E-06
all√≠,2.96138E-06
pushin,2.9494E-06
fellow,2.9464E-06
yuh,2.93945E-06
deseo,2.93945E-06
azul,2.93945E-06
verd,2.93945E-06
ni√±a,2.93945E-06
entiendo,2.93945E-06
fearless,2.93221E-06
luck,2.92266E-06
jacket,2.90212E-06
submit,2.9001E-06
lindo,2.89654E-06
blown,2.89334E-06
fairi,2.88771E-06
reli,2.88662E-06
devast,2.88241E-06
depress,2.87957E-06
gore,2.84568E-06
tore,2.82328E-06
midnight,2.82198E-06
you√¢¬Ä¬ôr,2.81978E-06
print,2.80346E-06
ze,2.80112E-06
esperar,2.78149E-06
oi,2.76847E-06
gloom,2.76213E-06
stiff,2.7463E-06
razor,2.74194E-06
ira,2.73181E-06
forth,2.73122E-06
flat,2.70733E-06
grind,2.70188E-06
chosen,2.69665E-06
skip,2.69409E-06
stolen,2.68774E-06
statu,2.68464E-06
unseen,2.68125E-06
terribl,2.6807E-06
plenti,2.67365E-06
ve,2.67204E-06
skeleton,2.66951E-06
safeti,2.65379E-06
convinc,2.65117E-06
absurd,2.6451E-06
landscap,2.64452E-06
legion,2.6427E-06
gambl,2.63998E-06
cleans,2.63067E-06
chicago,2.63031E-06
hid,2.62302E-06
seventh,2.62219E-06
mirada,2.62142E-06
horizont,2.62142E-06
min,2.61069E-06
ska,2.61069E-06
bli,2.61069E-06
collid,2.57122E-06
shape,2.56782E-06
mie,2.56568E-06
amant,2.56568E-06
giorni,2.56568E-06
signal,2.56337E-06
ace,2.53238E-06
himmel,2.52755E-06
stern,2.52755E-06
restor,2.52301E-06
raindrop,2.52229E-06
lluvia,2.51155E-06
passag,2.50051E-06
i‚Äôm,2.48505E-06
summon,2.475E-06
choir,2.46669E-06
martyr,2.45521E-06
distract,2.43774E-06
misunderstood,2.43451E-06
bald,2.43064E-06
forg,2.42954E-06
captiv,2.39987E-06
chao,2.38878E-06
slumber,2.38572E-06
reborn,2.38095E-06
mock,2.37908E-06
haze,2.37643E-06
reveal,2.37434E-06
debt,2.36422E-06
there‚Äô,2.36206E-06
laughter,2.35344E-06
worthi,2.34634E-06
involv,2.3413E-06
lifetim,2.3317E-06
fr√•n,2.32515E-06
tot,2.32127E-06
station,2.31571E-06
abyss,2.27625E-06
heroin,2.25774E-06
claw,2.2393E-06
reviv,2.23774E-06
letzt,2.22519E-06
rot,2.22186E-06
decept,2.20868E-06
pledg,2.20868E-06
govern,2.19237E-06
strife,2.18885E-06
wolv,2.15103E-06
muscl,2.13489E-06
bay,2.12927E-06
desol,2.11452E-06
prize,2.11248E-06
nurs,2.10242E-06
design,2.09462E-06
bake,2.08615E-06
express,2.084E-06
rope,2.06473E-06
plead,2.05862E-06
strang,2.05042E-06
lane,2.05029E-06
dime,2.04833E-06
risk,2.04564E-06
unholi,2.04549E-06
deceit,2.03849E-06
realm,2.035E-06
atmospher,2.02334E-06
jest,2.01776E-06
gin,2.00944E-06
fiction,2.00809E-06
diablo,1.9923E-06
querer,1.97814E-06
embrac,1.96021E-06
groovi,1.95943E-06
ascend,1.95802E-06
swirl,1.94841E-06
alley,1.93398E-06
timeless,1.91395E-06
stir,1.91105E-06
forbidden,1.8877E-06
conceiv,1.85432E-06
sim,1.84284E-06
intox,1.83981E-06
indiffer,1.83432E-06
samba,1.82869E-06
tender,1.82606E-06
sung,1.82588E-06
confin,1.82588E-06
dreamin,1.81829E-06
pierc,1.79509E-06
sha,1.78108E-06
careless,1.7745E-06
paradis,1.76573E-06
chime,1.74046E-06
struck,1.7402E-06
filth,1.73539E-06
numb,1.69261E-06
failur,1.69012E-06
kan,1.66967E-06
plagu,1.66699E-06
tradit,1.65197E-06
curv,1.64308E-06
glue,1.63303E-06
everlast,1.63251E-06
choic,1.62845E-06
beneath,1.62396E-06
broad,1.61421E-06
obscen,1.60887E-06
mold,1.60525E-06
stain,1.59457E-06
singer,1.56991E-06
spine,1.56306E-06
majesti,1.55547E-06
afar,1.55367E-06
sicken,1.54607E-06
hum,1.53193E-06
n√§r,1.53018E-06
hur,1.53018E-06
mirror,1.50064E-06
volver,1.48069E-06
estrella,1.48069E-06
pude,1.48069E-06
despierta,1.48069E-06
olvida,1.48069E-06
bike,1.47626E-06
shove,1.43738E-06
etern,1.42621E-06
tea,1.41246E-06
rent,1.4003E-06
junk,1.37903E-06
ke,1.37627E-06
perfum,1.29055E-06
tuck,1.28126E-06
dynamit,1.26367E-06
touch,1.25572E-06
duti,1.24785E-06
spell,1.2357E-06
cradl,1.23355E-06
cage,1.22177E-06
spite,1.21899E-06
jumpin,1.20815E-06
castl,1.18943E-06
sir,1.16239E-06
ami,1.1614E-06
victori,1.15642E-06
dissolv,1.13687E-06
park,1.13044E-06
redempt,1.09318E-06
toni,1.06719E-06
ray,1.06329E-06
llego,1.03409E-06
driven,1.01424E-06
bread,9.9845E-07
conquer,9.53452E-07
distort,9.51203E-07
current,9.41767E-07
wood,9.39533E-07
break,9.28822E-07
piti,9.16221E-07
often,8.92026E-07
bug,8.88456E-07
suelo,8.87343E-07
pu,8.79982E-07
vice,8.69656E-07
stride,8.28248E-07
wave,8.15509E-07
decay,8.00226E-07
ooooh,7.95064E-07
shown,7.3323E-07
banana,7.15861E-07
draw,7.05044E-07
northern,7.03018E-07
salli,6.99908E-07
solitud,6.93289E-07
forsaken,6.87139E-07
thrill,6.7686E-07
effect,6.76796E-07
content,6.76491E-07
blur,6.57642E-07
bean,6.41676E-07
blink,6.04459E-07
masquerad,5.84338E-07
egg,5.5653E-07
allen,5.53683E-07
chicken,5.11315E-07
scari,5.01242E-07
twilight,4.90878E-07
ident,4.55121E-07
drawn,4.54159E-07
introduc,4.27899E-07
bear,4.19821E-07
spider,4.14465E-07
hoo,3.86166E-07
hungri,3.84275E-07
refus,3.76336E-07
reward,3.69489E-07
scrape,3.41295E-07
tragic,3.28636E-07
betray,3.13573E-07
size,3.06488E-07
wors,2.76485E-07
brutal,2.32098E-07
tenga,2.21584E-07
leavin,2.08331E-07
bank,1.92945E-07
gutter,1.90205E-07
finish,1.72374E-07
mommi,1.65672E-07
spotlight,1.63358E-07
upset,1.30918E-07
saddl,1.22696E-07
seed,1.10838E-07
pin,7.831E-08
lua,5.8369E-08
giant,5.06738E-08
shelter,3.54727E-08
greet,2.359E-08
tar,2.00279E-08
sheep,1.47428E-08
vuoi,0
mirar,0
basta,0
sta,0
liber,0
extra√±o,0
alg√∫n,0
nueva,0
oooo,0
od,0
heb,0
mirando,0
ingent,0
quedan,0
alleluia,0
veneno,0
spawn,0
distancia,0
naughti,0